1101,106,7594
1101,105,6358
1101,104,5776
1101,103,10829
1101,102,10027
1101,101,7735
1101,100,8620
1101,99,8031
1102,106,5469
1102,105,3946
1102,104,4860
1102,103,9362
1102,102,10517
1102,101,6235
1102,100,10016
1102,99,7676
1103,106,895
1103,105,25
1103,104,222
1103,103,16
1103,102,1272
1103,101,-728
1103,100,160
1103,99,360
1104,106,1412
1104,105,1702
1104,104,1393
1104,103,1393
1104,102,1113
1104,101,712
1104,100,390
1104,99,1204
1108,106,-101
1108,105,315
1108,104,470
1108,103,380
1108,102,179
1108,101,175
1108,100,-140
1108,99,-188
1109,106,492
1109,105,161
1109,104,18
1109,103,284
1109,102,275
1109,101,88
1109,100,74
1109,99,-16
1110,106,61
1110,105,108
1110,104,144
1110,103,142
1110,102,146
1110,101,69
1110,100,23
1110,99,50
1201,106,664
1201,105,-777
1201,104,-1914
1201,103,-252
1201,102,873
1201,101,756
1201,100,685
1201,99,1632
1203,106,443
1203,105,423
1203,104,267
1203,103,267
1203,102,263
1203,101,100
1203,100,41
1203,99,115
1210,106,2239
1210,105,2058
1210,104,591
1210,103,1163
1210,102,1796
1210,101,734
1210,100,1071
1210,99,1080
1213,106,2
1213,105,15
1213,104,17
1213,103,12
1213,102,16
1213,101,11
1213,100,2
1213,99,-14
1215,106,1433
1215,105,1262
1215,104,688
1215,103,783
1215,102,453
1215,101,309
1215,100,136
1215,99,345
1216,106,39845
1216,105,14527
1216,104,14108
1216,103,11126
1216,102,12764
1216,101,12407
1216,100,9448
1216,99,10929
1217,106,133
1217,105,103
1217,104,48
1217,103,-358
1217,102,-54
1217,101,51
1217,100,11
1217,99,178
1218,106,317
1218,105,121
1218,104,124
1218,103,70
1218,102,-119
1218,101,-210
1218,100,200
1218,99,239
1219,106,141
1219,105,156
1219,104,98
1219,103,136
1219,102,28
1219,101,-58
1219,100,552
1219,99,227
1220,106,77
1220,105,165
1220,104,119
1220,103,53
1220,102,57
1220,101,143
1220,100,144
1220,99,112
1225,106,247
1225,105,385
1225,104,558
1225,103,45
1225,102,62
1225,101,40
1225,100,43
1225,99,179
1227,106,2173
1227,105,2607
1227,104,2731
1227,103,2076
1227,102,1860
1227,101,2238
1227,100,2458
1227,99,2131
1229,106,2974
1229,105,2154
1229,104,1416
1229,103,1719
1229,102,1334
1229,101,1576
1229,100,1529
1229,99,1985
1231,106,406
1231,105,470
1231,104,357
1231,103,223
1231,102,343
1231,101,367
1231,100,359
1231,99,306
1232,106,817
1232,105,892
1232,104,912
1232,103,987
1232,102,707
1232,101,444
1232,100,587
1232,99,670
1233,106,175
1233,105,169
1233,104,209
1233,103,230
1233,102,231
1233,101,232
1233,100,234
1233,99,210
1234,106,543
1234,105,1106
1234,104,620
1234,103,395
1234,102,312
1234,101,8114
1234,100,392
1234,99,331
1235,106,307
1235,105,224
1235,104,47
1235,103,52
1235,102,-46
1235,101,14
1235,100,19
1235,99,15
1236,106,5
1236,105,75
1236,104,102
1236,103,167
1236,102,136
1236,101,139
1236,100,180
1236,99,145
1256,106,287
1256,105,227
1256,104,211
1256,103,243
1256,102,216
1256,101,93
1256,100,83
1256,99,62
1702,106,993
1702,105,1206
1702,104,1113
1702,103,949
1702,102,854
1702,101,446
1702,100,348
1702,99,518
1737,106,354
1737,105,352
1737,104,269
1737,103,214
1737,102,126
1737,101,78
1737,100,194
1737,99,181
1301,106,49383
1301,105,39393
1301,104,30877
1301,103,17875
1301,102,20716
1301,101,14663
1301,100,35724
1301,99,45546
1303,106,54521
1303,105,48840
1303,104,35721
1303,103,31742
1303,102,25272
1303,101,4216
1303,100,23143
1303,99,40974
1304,106,1111
1304,105,1190
1304,104,880
1304,103,641
1304,102,817
1304,101,1660
1304,100,3208
1304,99,2942
1305,106,1270
1305,105,1443
1305,104,768
1305,103,119
1305,102,753
1305,101,798
1305,100,-92
1305,99,5
1307,106,901
1307,105,1244
1307,104,1102
1307,103,970
1307,102,799
1307,101,707
1307,100,673
1307,99,980
1308,106,565
1308,105,666
1308,104,532
1308,103,500
1308,102,537
1308,101,618
1308,100,1620
1308,99,1453
1309,106,502
1309,105,121
1309,104,68
1309,103,-631
1309,102,17
1309,101,-64
1309,100,271
1309,99,526
1310,106,1056
1310,105,1411
1310,104,694
1310,103,-38
1310,102,1086
1310,101,-440
1310,100,-860
1310,99,55
1312,106,3289
1312,105,2401
1312,104,1472
1312,103,293
1312,102,1951
1312,101,1741
1312,100,1121
1312,99,2079
1313,106,2342
1313,105,1089
1313,104,-172
1313,103,-243
1313,102,598
1313,101,1209
1313,100,1053
1313,99,2693
1314,106,6092
1314,105,-1870
1314,104,96
1314,103,304
1314,102,5276
1314,101,1418
1314,100,10926
1314,99,6323
1315,106,172
1315,105,304
1315,104,256
1315,103,236
1315,102,174
1315,101,162
1315,100,626
1315,99,210
1319,106,2341
1319,105,2415
1319,104,1696
1319,103,910
1319,102,1347
1319,101,811
1319,100,1181
1319,99,1186
1321,106,-81
1321,105,-15
1321,104,37
1321,103,-145
1321,102,13
1321,101,-127
1321,100,-168
1321,99,-135
1323,106,251
1323,105,282
1323,104,232
1323,103,275
1323,102,240
1323,101,186
1323,100,165
1323,99,196
1324,106,60
1324,105,65
1324,104,58
1324,103,43
1324,102,44
1324,101,38
1324,100,72
1324,99,60
1325,106,44
1325,105,112
1325,104,100
1325,103,59
1325,102,72
1325,101,75
1325,100,122
1325,99,150
1326,106,54411
1326,105,43833
1326,104,27578
1326,103,10528
1326,102,24864
1326,101,7094
1326,100,32971
1326,99,47275
1337,106,182
1337,105,406
1337,104,390
1337,103,1133
1337,102,1287
1337,101,1501
1337,100,1202
1337,99,1002
1339,106,276
1339,105,306
1339,104,344
1339,103,301
1339,102,219
1340,106,835
1340,105,882
1340,104,863
1340,103,934
1340,102,701
1340,101,525
1340,100,446
1340,99,341
4306,106,589
4306,105,-100
4306,104,363
4306,103,60
4306,102,741
4306,101,390
4306,100,1371
4306,99,547
1402,106,8066
1402,105,6308
1402,104,8035
1402,103,10853
1402,102,13216
1402,101,8713
1402,100,11087
1402,99,12850
1409,106,965
1409,105,748
1409,104,749
1409,103,1365
1409,102,1152
1409,101,964
1409,100,1262
1409,99,1887
1410,106,92
1410,105,117
1410,104,118
1410,103,104
1410,102,97
1410,101,115
1410,100,96
1410,99,91
1413,106,117
1413,105,-63
1413,104,4
1413,103,-246
1413,102,-298
1413,101,-271
1413,100,-97
1413,99,119
1414,106,90
1414,105,-3
1414,104,7
1414,103,46
1414,102,136
1416,106,223
1416,105,1135
1416,104,-36
1416,103,485
1416,102,63
1416,101,1110
1416,100,240
1416,99,225
1417,106,-459
1417,105,-171
1417,104,-385
1417,103,29
1417,102,17
1417,101,169
1417,100,255
1417,99,151
1418,106,-322
1418,105,-181
1418,104,-180
1418,103,-160
1418,102,-122
1418,101,-194
1418,100,46
1418,99,-36
1419,106,1242
1419,105,157
1419,104,116
1419,103,104
1419,102,164
1419,101,176
1419,100,248
1419,99,230
1423,106,46
1423,105,5
1423,104,-36
1423,103,-75
1423,102,-4
1434,106,4280
1434,105,3481
1434,104,2829
1434,103,3518
1434,102,2129
1434,101,2410
1434,100,2078
1434,99,4090
1439,106,-7
1439,105,25
1439,104,1
1439,103,1
1439,102,2
1440,106,752
1440,105,577
1440,104,1237
1440,103,475
1440,102,1212
1440,101,668
1440,100,554
1440,99,2643
1441,106,-274
1441,105,-212
1441,104,-84
1441,103,-195
1441,102,-12
1441,101,8
1441,100,137
1441,99,161
1443,106,-242
1443,105,-181
1443,104,-120
1443,103,-204
1443,102,-83
1443,101,-308
1443,100,-203
1443,99,22
1444,106,-13
1444,105,63
1444,104,406
1444,103,217
1444,102,640
1444,101,787
1444,100,769
1444,99,1609
1445,106,12
1445,105,63
1445,104,90
1445,103,29
1445,102,65
1445,101,23
1445,100,103
1445,99,111
1446,106,-40
1446,105,65
1446,104,-38
1446,103,13
1446,102,-11
1446,101,-29
1446,100,403
1446,99,-231
1447,106,-186
1447,105,-86
1447,104,21
1447,103,348
1447,102,1003
1447,101,31
1447,100,-233
1447,99,1014
1449,106,56
1449,105,-187
1449,104,-267
1449,103,53
1449,102,-146
1449,101,-328
1449,100,-196
1449,99,-281
1451,106,281
1451,105,733
1451,104,675
1451,103,701
1451,102,797
1451,101,760
1451,100,756
1451,99,1443
1452,106,216
1452,105,200
1452,104,371
1452,103,174
1452,102,137
1452,96,75
1452,95,51
1452,94,-54
1453,106,-27
1453,105,-11
1453,104,54
1453,103,-47
1453,102,20
1453,101,122
1453,100,7
1453,99,20
1454,106,19
1454,105,53
1454,104,105
1454,103,69
1454,102,37
1454,101,-19
1454,100,166
1454,99,10
1455,106,361
1455,105,208
1455,104,132
1455,103,57
1455,102,367
1455,96,172
1455,95,186
1455,94,-177
1456,106,38
1456,105,47
1456,104,116
1456,103,-1119
1456,102,15
1456,101,-252
1456,100,-228
1456,99,-164
1457,106,605
1457,105,69
1457,104,449
1457,103,88
1457,102,182
1457,101,5
1457,100,-203
1457,99,274
1459,106,95
1459,105,-438
1459,104,227
1459,103,176
1459,102,176
1459,101,-44
1459,100,285
1459,99,627
1460,106,215
1460,105,524
1460,104,452
1460,103,374
1460,102,230
1460,101,580
1460,100,204
1460,99,-1415
1463,106,571
1463,105,640
1463,104,82
1463,103,102
1463,102,54
1463,101,-37
1463,100,28
1463,99,9
1464,106,370
1464,105,383
1464,104,322
1464,103,895
1464,102,-39
1464,101,63
1464,100,52
1464,99,26
1465,106,26
1465,105,74
1465,104,103
1465,103,108
1465,102,104
1465,101,83
1465,100,108
1465,99,218
1466,106,-3
1466,105,-101
1466,104,8
1466,103,54
1466,102,98
1466,101,96
1466,100,209
1466,99,284
1467,106,-77
1467,105,15
1467,104,2
1467,103,112
1467,102,169
1467,101,179
1467,100,150
1467,99,166
1468,106,-94
1468,105,-40
1468,104,-53
1468,103,-58
1468,102,-48
1468,101,-254
1468,100,203
1468,99,-260
1469,106,-81
1469,105,-78
1469,104,-6
1469,103,0
1469,102,8
1469,101,24
1469,100,26
1469,99,32
1470,106,42
1470,105,47
1470,104,61
1470,103,66
1470,102,29
1472,106,-46
1472,105,66
1472,104,-35
1472,103,-62
1472,102,-90
1472,101,-164
1472,100,-157
1472,99,-41
1473,106,94
1473,105,224
1473,104,94
1473,103,141
1473,102,235
1473,101,174
1473,100,479
1473,99,510
1474,106,109
1474,105,122
1474,104,91
1474,103,57
1474,102,71
1474,101,-79
1474,100,67
1474,99,131
1475,106,-197
1475,105,-102
1475,104,94
1475,103,-41
1475,102,-78
1475,101,-83
1475,100,-127
1475,99,-103
1476,106,3052
1476,105,3660
1476,104,4174
1476,103,3004
1476,102,2738
1476,101,1791
1476,100,1183
1476,99,764
1477,106,1286
1477,105,1523
1477,104,2159
1477,103,1705
1477,102,1341
1477,101,1175
1477,100,1111
1477,99,918
4414,106,-370
4414,105,-279
4414,104,-486
4414,103,32
4414,102,90
4414,101,53
4414,100,80
4414,99,5
4426,106,206
4426,105,707
4426,104,607
4426,103,269
4426,102,196
4438,106,524
4438,105,699
4438,104,940
4438,103,915
4438,102,645
1503,106,1329
1503,105,1247
1503,104,1245
1503,103,1268
1503,102,1173
1503,101,959
1503,100,1100
1503,99,850
1504,106,3092
1504,105,3481
1504,104,3177
1504,103,4063
1504,102,3760
1504,101,2965
1504,100,2783
1504,99,2492
1506,106,-15
1506,105,20
1506,104,35
1506,103,13
1506,102,-84
1506,101,-71
1506,100,44
1506,99,-82
1507,106,1128
1507,105,1555
1507,104,1850
1507,103,2022
1507,102,1713
1507,101,1550
1507,100,1475
1507,99,1349
1512,106,-562
1512,105,-124
1512,104,-152
1512,103,-237
1512,102,-123
1512,101,36
1512,100,73
1512,99,130
1513,106,488
1513,105,503
1513,104,551
1513,103,681
1513,102,588
1513,101,546
1513,100,572
1513,99,543
1514,106,116
1514,105,101
1514,104,116
1514,103,109
1514,102,70
1514,101,111
1514,100,79
1514,99,72
1515,106,270
1515,105,106
1515,104,128
1515,103,148
1515,102,207
1515,101,63
1515,100,-118
1515,99,83
1517,106,-41
1517,105,14
1517,104,139
1517,103,231
1517,102,345
1517,101,266
1517,100,262
1517,99,326
1519,106,93
1519,105,251
1519,104,225
1519,103,260
1519,102,114
1519,101,69
1519,100,111
1519,99,273
1521,106,499
1521,105,497
1521,104,450
1521,103,372
1521,102,306
1521,101,279
1521,100,325
1521,99,381
1522,106,660
1522,105,987
1522,104,759
1522,103,512
1522,102,63
1522,101,-180
1522,100,49
1522,99,129
1524,106,165
1524,105,221
1524,104,-190
1524,103,7
1524,102,-49
1524,101,-122
1524,100,6
1524,99,-37
1525,106,541
1525,105,529
1525,104,437
1525,103,320
1525,102,297
1525,101,307
1525,100,307
1525,99,309
1526,106,136
1526,105,90
1526,104,73
1526,103,54
1526,102,35
1526,101,14
1526,100,26
1526,99,4
1527,106,204
1527,105,950
1527,104,995
1527,103,968
1527,102,525
1527,101,58
1527,100,379
1527,99,7
1528,106,97
1528,105,99
1528,104,-41
1528,103,17
1528,102,108
1528,101,91
1528,100,211
1528,99,145
1529,106,61
1529,105,-50
1529,104,-216
1529,103,-66
1529,102,-83
1529,101,-256
1529,100,-11
1529,99,-483
1530,106,176
1530,105,137
1530,104,274
1530,103,273
1530,102,236
1530,101,266
1530,100,247
1530,99,232
1531,106,157
1531,105,109
1531,104,145
1531,103,202
1531,102,283
1531,101,327
1531,100,524
1531,99,519
1532,106,609
1532,105,1001
1532,104,1096
1532,103,535
1532,102,3197
1532,101,675
1532,100,445
1532,99,920
1533,106,113
1533,105,84
1533,104,163
1533,103,228
1533,102,200
1533,101,75
1533,100,124
1533,99,2
1535,106,187
1535,105,248
1535,104,509
1535,103,681
1535,102,615
1535,101,627
1535,100,554
1535,99,502
1536,106,1204
1536,105,1123
1536,104,1086
1536,103,712
1536,102,431
1536,101,284
1536,100,209
1536,99,117
1537,106,901
1537,105,923
1537,104,769
1537,103,660
1537,102,573
1537,101,618
1537,100,315
1537,99,513
1538,106,-154
1538,105,-107
1538,104,-54
1538,103,-53
1538,102,-463
1538,101,-219
1538,100,-176
1538,99,-96
1539,106,76
1539,105,193
1539,104,223
1539,103,131
1539,102,90
1539,101,-16
1539,100,-31
1539,99,-56
1540,106,46
1540,105,40
1540,104,58
1540,103,199
1540,102,118
1540,101,94
1540,100,136
1540,99,100
1541,106,135
1541,105,345
1541,104,283
1541,103,162
1541,102,-23
1541,101,-81
1541,100,-4
1558,106,525
1558,105,851
1558,104,859
1558,103,829
1558,102,708
1558,101,584
1558,100,607
1558,99,586
1560,106,733
1560,105,535
1560,104,583
1560,103,653
1560,102,526
1568,106,192
1568,105,184
1568,104,139
1568,103,117
1568,102,85
1568,101,118
1568,100,17
1568,99,-76
1583,106,380
1583,105,247
1583,104,622
1583,103,686
1583,102,390
1583,101,403
1583,100,482
1583,99,210
1589,106,270
1589,105,1008
1589,104,1351
1589,103,1002
1589,102,541
1589,101,370
1589,100,298
1589,99,466
1590,106,3300
1590,105,1919
1590,104,1368
1590,103,1771
1590,102,1710
1590,101,1104
1590,100,1350
1590,99,1040
1592,106,272
1592,105,435
1592,104,191
1592,103,168
1592,102,398
1592,101,485
1592,100,191
1592,99,N/A
2049,106,2738
2049,105,1327
2049,104,1642
2049,103,2405
2049,102,2022
2049,101,2003
2049,100,3809
2049,99,1689
2228,106,550
2228,105,688
2228,104,620
2228,103,487
2228,102,333
2228,101,270
2228,100,306
2228,99,253
2231,106,1012
2231,105,1116
2231,104,1120
2231,103,745
2231,102,364
2231,101,249
2231,100,131
2231,99,300
2236,106,130
2236,105,115
2236,104,61
2236,103,102
2236,102,241
2371,106,74
2371,105,-2344
2371,104,-3075
2371,103,364
2371,102,-1611
2371,101,-3512
2371,100,1380
2371,99,-3481
3167,106,347
3167,105,177
3167,104,197
3167,103,238
3167,102,163
3167,101,151
3167,100,325
3167,99,273
4526,106,-237
4526,105,58
4526,104,271
4526,103,579
4526,102,284
4526,101,221
4526,100,576
4526,99,605
4532,106,1021
4532,105,1324
4532,104,869
4532,103,1079
4532,102,916
4532,101,977
4532,100,851
4532,99,454
4551,106,600
4551,105,488
4551,104,292
4551,103,320
4551,102,191
4551,101,107
4551,100,48
4552,106,924
4552,105,1022
4552,104,935
4552,103,759
4552,102,164
4552,101,453
4555,106,161
4555,105,139
4555,104,241
4555,103,324
4555,102,353
4555,101,418
4557,106,181
4557,105,246
4557,104,187
4557,103,176
4557,102,144
4557,101,81
4560,106,203
4560,105,148
4560,104,169
4560,103,184
4560,102,155
4562,106,141
4562,105,163
4562,104,169
4562,103,241
4562,102,9
4566,106,198
4566,105,130
4566,104,111
4566,103,44
4566,102,8
5288,106,460
5288,105,472
5288,104,484
5288,103,344
5288,102,319
5288,101,381
5288,100,203
6605,106,1002
6605,105,1192
6605,104,1566
6605,103,1670
6605,102,1337
6605,101,1035
6605,100,-391
6605,99,1124
8222,106,27
8222,105,71
8222,104,86
8222,103,42
8222,102,40
8374,106,179
8374,105,29
8374,104,-149
8374,103,-131
8374,102,21
8374,101,-15
8374,100,504
8374,99,311
8996,106,56
8996,105,311
8996,104,185
8996,103,199
8996,102,155
8996,101,139
8996,100,111
8996,99,42
1603,106,281
1603,105,298
1603,104,446
1603,103,251
1603,102,246
1603,101,377
1603,100,149
1603,99,264
1604,106,312
1604,105,789
1604,104,505
1604,103,640
1604,102,428
1604,101,516
1604,100,201
1604,99,143
1605,106,6560
1605,105,4568
1605,104,1602
1605,103,2265
1605,102,-2689
1605,101,-3328
1605,100,-4271
1605,99,4777
1608,106,440
1608,105,98
1608,104,-142
1608,103,-7
1608,102,416
1608,101,538
1608,100,-14
1608,99,254
1609,106,467
1609,105,28
1609,104,-542
1609,103,20
1609,102,143
1609,101,123
1609,100,295
1609,99,406
1611,106,618
1611,105,-858
1611,104,13
1611,103,-275
1611,102,-539
1611,101,101
1611,100,532
1611,99,513
1612,106,205
1612,105,95
1612,104,41
1612,103,251
1612,102,51
1612,101,73
1612,100,156
1612,99,369
1614,106,212
1614,105,315
1614,104,256
1614,103,226
1614,102,241
1614,101,301
1614,100,420
1614,99,323
1615,106,147
1615,105,94
1615,104,16
1615,103,83
1615,102,31
1615,101,85
1615,100,58
1615,99,184
1616,106,-110
1616,105,21
1616,104,192
1616,103,-190
1616,102,3
1616,101,13
1616,100,-194
1616,99,-72
1617,106,116
1617,105,87
1617,104,56
1617,103,50
1617,102,17
1617,101,-90
1617,100,-77
1617,99,100
1618,106,83
1618,105,54
1618,104,108
1618,103,-14
1618,102,-65
1618,101,286
1618,100,182
1618,99,559
1626,106,4
1626,105,282
1626,104,-94
1626,103,-332
1626,102,612
1626,101,496
1626,100,204
1626,99,-51
4930,106,-147
4930,105,45
4930,104,-81
4930,103,855
4930,102,-80
4930,101,-393
4930,100,43
4930,99,565
1316,106,337
1316,105,-126
1316,104,-135
1316,103,-43
1316,102,-224
1316,101,-129
1316,100,-64
1316,99,-22
1704,106,3582
1704,105,3968
1704,104,9974
1704,103,-8327
1704,102,-225
1704,101,611
1704,100,2485
1704,99,3147
1708,106,491
1708,105,572
1708,104,453
1708,103,650
1708,102,434
1708,101,455
1708,100,493
1708,99,417
1709,106,629
1709,105,849
1709,104,635
1709,103,187
1709,102,297
1709,101,408
1709,100,848
1709,99,538
1710,106,1749
1710,105,-562
1710,104,-120
1710,103,117
1710,102,1265
1710,101,1153
1710,100,2883
1710,99,2097
1711,106,366
1711,105,469
1711,104,565
1711,103,578
1711,102,588
1711,101,502
1711,100,461
1711,99,722
1712,106,578
1712,105,554
1712,104,353
1712,103,507
1712,102,456
1712,101,407
1712,100,358
1712,99,352
1713,106,73
1713,105,99
1713,104,70
1713,103,92
1713,102,76
1714,106,337
1714,105,403
1714,104,352
1714,103,-395
1714,102,477
1714,101,620
1714,100,1167
1714,99,1189
1717,106,1910
1717,105,2626
1717,104,2872
1717,103,2307
1717,102,1930
1717,101,1262
1717,100,1217
1717,99,2458
1718,106,794
1718,105,-204
1718,104,541
1718,103,1091
1718,102,959
1718,101,419
1718,100,882
1718,99,2744
1721,106,70
1721,105,209
1721,104,59
1721,103,8
1721,102,5
1721,101,0
1721,100,-36
1721,99,-11
1722,106,1619
1722,105,-73
1722,104,2427
1722,103,3068
1722,102,2538
1722,101,3339
1722,100,3011
1722,99,1724
1723,106,1160
1723,105,1031
1723,104,1239
1723,103,2187
1723,102,2210
1723,101,1974
1723,100,2247
1723,99,1914
1724,106,87
1724,105,182
1724,104,214
1724,103,41
1724,102,37
1724,101,223
1724,100,477
1724,99,36
1725,106,216
1725,105,207
1725,104,202
1725,103,172
1725,102,124
1725,101,-169
1725,100,131
1725,99,246
1726,106,790
1726,105,1056
1726,104,940
1726,103,1035
1726,102,1025
1726,101,874
1726,100,698
1726,99,560
1727,106,92
1727,105,98
1727,104,99
1727,103,110
1727,102,109
1727,101,113
1727,100,124
1727,99,128
1730,106,180
1730,105,171
1730,104,146
1730,103,114
1730,102,199
1730,101,85
1730,100,96
1730,99,92
1732,106,7
1732,105,-24
1732,104,-8
1732,103,-10
1732,102,-9
1732,101,-1
1732,100,14
1732,99,23
1735,106,63
1735,105,73
1735,104,124
1735,103,74
1735,102,67
1735,101,89
1735,100,29
1735,99,50
1773,106,879
1773,105,785
1773,104,612
1773,103,524
1773,102,541
1773,101,543
1773,100,484
1773,99,650
1776,106,94
1776,105,108
1776,104,129
1776,103,85
1776,102,92
1776,101,139
1776,100,71
1776,99,108
3708,106,219
3708,105,52
4720,106,29
4720,105,79
4720,104,100
4720,103,83
4720,102,51
4720,101,74
4720,100,56
4720,99,14
4722,106,295
4722,105,344
4722,104,348
4722,103,179
4722,102,140
4722,101,183
4722,100,106
4722,99,80
4725,106,-355
4725,105,-416
4725,104,-1863
4725,103,-576
4725,102,-653
4739,106,412
4739,105,217
4739,104,115
4739,103,195
4739,102,15
4739,101,1
4739,100,78
4739,99,107
4755,106,386
4755,105,286
4755,104,203
4755,103,145
4755,102,131
4755,101,237
4755,100,176
4755,99,93
4763,106,172
4763,105,287
4763,104,265
4763,103,224
4763,102,81
4763,101,23
4764,106,331
4764,105,317
4764,104,259
4764,103,310
4764,102,129
1598,106,-151
1598,105,301
1598,104,254
1598,103,274
1598,102,24
1598,101,24
1598,100,113
1598,99,178
1701,106,311
1701,105,313
1701,104,354
1701,103,348
1701,102,240
1701,101,322
1701,100,306
1701,99,358
1707,106,1352
1707,105,1297
1707,104,1052
1707,103,942
1707,102,836
1707,101,619
1707,100,473
1707,99,428
1720,106,363
1720,105,340
1720,104,348
1720,103,374
1720,102,298
1720,101,271
1720,100,247
1720,99,210
1731,106,86
1731,105,91
1731,104,79
1731,103,81
1731,102,64
1731,101,60
1731,100,42
1731,99,58
1733,106,86
1733,105,3
1733,104,262
1733,103,273
1733,102,371
1733,101,523
1733,100,527
1733,99,454
1734,106,37
1734,105,17
1734,104,14
1734,103,163
1734,102,301
1734,101,121
1734,100,72
1734,99,111
1736,106,130
1736,105,716
1736,104,564
1736,103,2638
1736,102,857
1736,101,857
1736,100,771
1736,99,251
1760,106,91
1760,105,90
1760,104,73
1760,103,48
1760,102,18
1760,101,-41
1760,100,-36
1760,99,-39
1762,106,86
1762,105,60
1762,104,308
1762,103,15
1762,102,97
1762,101,176
1762,100,171
1762,99,187
1783,106,16
1783,105,-12
1783,104,-63
1783,103,-19
1783,102,3
1783,101,3
1783,100,-36
1783,99,-16
1786,106,17
1786,105,-26
1786,104,55
1786,103,-22
1786,102,40
1786,101,62
1786,100,51
1786,99,-7
1789,106,422
1789,105,659
1789,104,635
1789,103,484
1789,102,1273
1789,101,1170
1789,100,959
1789,99,1040
3164,106,46
3164,105,-236
3164,104,-98
3164,103,-386
3164,102,31
3164,101,29
3164,100,38
3164,99,148
3705,106,514
3705,105,658
3705,104,893
3705,103,720
3705,102,619
3705,101,445
3705,100,554
3705,99,635
4104,106,399
4104,105,390
4104,104,379
4104,103,286
4104,102,300
4104,101,276
4104,100,334
4104,99,356
4106,106,118
4106,105,123
4106,104,169
4106,103,178
4106,102,133
4106,101,196
4106,100,233
4106,99,181
4108,106,-206
4108,105,-195
4108,104,-204
4108,103,-322
4108,102,-183
4108,101,-104
4108,100,-170
4108,99,-215
4119,106,191
4119,105,417
4119,104,374
4119,103,265
4119,102,160
4119,101,194
4119,100,90
4119,99,171
4133,106,59
4133,105,54
4133,104,45
4133,103,66
4133,102,73
4137,106,583
4137,105,731
4137,104,1167
4137,103,756
4137,102,693
4137,101,590
4137,100,275
4137,99,115
4141,106,-153
4141,105,555
4141,104,-208
4141,103,425
4141,102,344
4141,101,504
4141,100,561
4141,99,468
4142,106,-760
4142,105,-595
4142,104,-761
4142,103,-614
4142,102,-600
4144,106,247
4144,105,250
4144,104,285
4144,103,417
4144,102,355
4144,101,303
4144,100,314
4144,99,327
4148,106,323
4148,105,243
4148,104,197
4148,103,196
4148,102,158
4148,101,210
4148,100,162
4148,99,141
4155,106,127
4155,105,85
4155,104,111
4155,103,71
4155,102,138
4164,106,-87
4164,105,159
4164,104,227
4164,103,266
4164,102,297
4164,101,431
4164,100,583
4164,99,484
4190,106,182
4190,105,272
4190,104,342
4190,103,260
4190,102,70
4190,101,172
4190,100,234
4737,106,150
4737,105,179
4737,104,99
4737,103,54
4737,102,90
4737,101,34
4737,100,179
4737,99,136
4746,106,239
4746,105,483
4746,104,282
4746,103,262
4746,102,-69
4746,101,5
4746,100,231
4746,99,247
6452,106,952
6452,105,903
6452,104,1030
6452,103,424
6452,102,608
6452,101,506
6452,100,397
6541,106,-1410
6541,105,-1244
6541,104,-835
6541,103,-265
6541,102,-72
6541,101,0
1802,106,2124
1802,105,-1642
1802,104,-4688
1802,103,153
1802,102,-896
1802,101,-1820
1802,100,2524
1802,99,5184
1806,106,-92
1806,105,34
1806,104,-73
1806,103,-501
1806,102,281
1806,101,-303
1806,100,943
1806,99,1416
1809,106,-15
1809,105,113
1809,104,73
1809,103,165
1809,102,143
1809,101,122
1809,100,242
1809,99,200
1810,106,168
1810,105,297
1810,104,127
1810,103,182
1810,102,179
1810,101,43
1810,100,45
1810,99,26
1817,106,260
1817,105,247
1817,104,231
1817,103,182
1817,102,166
1817,101,120
1817,100,115
1817,99,135
1902,106,234
1902,105,-278
1902,104,183
1902,103,20
1902,102,17
1902,101,-187
1902,100,209
1902,99,890
1903,106,-170
1903,105,-183
1903,104,-159
1903,103,-445
1903,102,-171
1903,101,-169
1903,100,-88
1903,99,-176
1904,106,1435
1904,105,1297
1904,104,1171
1904,103,752
1904,102,1202
1904,101,1126
1904,100,916
1904,99,1569
1905,106,619
1905,105,391
1905,104,780
1905,103,27
1905,102,-694
1905,101,-223
1905,100,11
1905,99,923
1906,106,419
1906,105,983
1906,104,79
1906,103,176
1906,102,0
1906,101,-60
1906,100,53
1906,99,17
1907,106,1607
1907,105,126
1907,104,502
1907,103,595
1907,102,611
1907,101,1091
1907,100,2001
1907,99,1457
1909,106,3883
1909,105,2407
1909,104,935
1909,103,874
1909,102,848
1909,101,465
1909,100,585
1909,99,607
2002,106,16906
2002,105,16038
2002,104,7605
2002,103,22132
2002,102,15982
2002,101,5811
2002,100,19494
2002,99,37587
2006,106,1715
2006,105,1485
2006,104,1269
2006,103,1057
2006,102,2117
2006,101,1748
2006,100,2679
2006,99,1260
2007,106,-184
2007,105,-256
2007,104,-497
2007,103,-622
2007,102,-840
2007,101,-771
2007,100,5
2008,106,-225
2008,105,-146
2008,104,187
2008,103,-369
2008,102,5240
2008,99,-797
2008,98,-420
2008,97,-158
2009,106,270
2009,105,-159
2009,104,-341
2009,103,134
2009,102,28
2010,106,387
2010,105,659
2010,104,663
2010,103,467
2010,102,468
2010,101,390
2010,100,580
2010,99,857
2012,106,233
2012,105,250
2012,104,147
2012,103,140
2012,102,142
2012,101,-178
2012,100,243
2012,99,10
2013,106,54
2013,105,72
2013,104,173
2013,103,257
2013,102,436
2013,101,592
2013,100,554
2013,99,350
2014,106,2606
2014,105,1913
2014,104,-1162
2014,103,215
2014,102,139
2014,101,-3473
2014,100,-2448
2014,99,1545
2015,106,2725
2015,105,1816
2015,104,2004
2015,103,1668
2015,102,1446
2015,101,1619
2015,100,2670
2015,99,2363
2017,106,321
2017,105,183
2017,104,-188
2017,103,-168
2017,102,-121
2017,101,-395
2017,100,140
2017,99,330
2020,106,341
2020,105,392
2020,104,-370
2020,103,240
2020,102,178
2020,101,109
2020,100,-399
2020,99,496
2022,106,-90
2022,105,-90
2022,104,-581
2022,103,3
2022,102,-336
2022,101,-352
2022,100,102
2022,99,332
2023,106,1367
2023,105,2502
2023,104,-954
2023,103,1239
2023,102,772
2023,101,-1062
2023,100,547
2023,99,310
2024,106,102
2024,105,100
2024,104,34
2024,103,135
2024,102,52
2024,101,-100
2024,100,122
2024,99,127
2025,106,155
2025,105,92
2025,104,-409
2025,103,-85
2025,102,-335
2025,101,-439
2025,100,-365
2025,99,98
2027,106,1088
2027,105,486
2027,104,-288
2027,103,1885
2027,102,222
2027,101,391
2027,100,463
2027,99,708
2028,106,636
2028,105,12
2028,104,-1125
2028,103,-613
2028,102,-354
2028,98,286
2028,97,-596
2028,96,319
2029,106,744
2029,105,1270
2029,104,-92
2029,103,435
2029,102,512
2029,101,154
2029,100,483
2029,99,117
2030,106,538
2030,105,299
2030,104,-287
2030,103,391
2030,102,38
2030,101,-358
2030,100,-267
2030,99,398
2031,106,1066
2031,105,748
2031,104,-402
2031,103,231
2031,102,331
2031,101,-216
2031,100,197
2031,99,738
2032,106,15
2032,105,73
2032,104,34
2032,103,57
2032,102,42
2032,96,11
2032,95,422
2032,94,-33
2033,106,24
2033,105,45
2033,104,-4
2033,103,-16
2033,102,-19
2034,106,816
2034,105,794
2034,104,531
2034,103,983
2034,102,653
2034,101,321
2034,100,468
2034,99,571
2038,106,11
2038,105,113
2038,104,-200
2038,103,-153
2038,102,-65
2038,101,71
2038,100,254
2069,106,209
2069,105,281
2069,104,61
2069,103,132
2069,102,24
2069,101,-74
3004,106,185
3004,105,221
3004,104,238
3004,103,-56
3004,102,111
3004,101,181
3004,97,-92
3004,96,-134
5007,106,1134
5007,105,1091
5007,104,895
5007,103,1040
5007,102,917
5007,101,500
5007,100,818
5007,99,485
5538,106,684
5538,105,467
5538,104,238
5538,103,513
5538,102,237
5538,101,162
5538,100,92
5538,99,453
9958,106,59
9958,105,73
9958,104,189
9958,103,65
9958,102,191
9958,101,249
9958,100,-90
9958,99,8
2101,106,633
2101,105,1026
2101,104,810
2101,103,335
2101,102,459
2101,101,224
2101,100,1424
2101,99,641
2102,106,-698
2102,105,-9
2102,104,545
2102,103,423
2102,102,638
2102,101,419
2102,100,485
2102,99,321
2103,106,874
2103,105,988
2103,104,529
2103,103,1141
2103,102,1495
2103,101,2574
2103,100,5742
2103,99,3279
2104,106,2273
2104,105,1471
2104,104,851
2104,103,2565
2104,102,810
2104,101,1512
2104,100,1094
2104,99,1081
2105,106,5542
2105,105,13251
2105,104,12777
2105,103,16016
2105,102,18549
2105,101,15894
2105,100,8536
2105,99,10315
2106,106,329
2106,105,3092
2106,104,3467
2106,103,3677
2106,102,3238
2106,101,2644
2106,100,3019
2106,99,1544
2107,106,189
2107,105,327
2107,104,790
2107,103,3269
2107,102,1926
2107,101,1347
2107,100,1219
2107,99,1728
2108,106,814
2108,105,765
2108,104,1159
2108,103,231
2108,102,325
2108,101,355
2108,100,938
2108,99,541
2109,106,-976
2109,105,43
2109,104,105
2109,103,791
2109,102,326
2109,101,-148
2109,100,-2
2109,99,-164
2114,106,339
2114,105,350
2114,104,419
2114,103,496
2114,102,437
2114,101,458
2114,100,370
2114,99,265
2115,106,274
2115,105,318
2115,104,247
2115,103,231
2115,102,107
2115,101,92
2115,100,103
2115,99,178
6582,106,345
6582,105,594
6582,104,767
6582,103,377
6582,102,315
1338,106,776
1338,105,685
1338,104,758
1338,103,633
1338,102,458
1338,101,314
1338,100,578
1338,99,536
2201,106,2288
2201,105,1335
2201,104,3352
2201,103,2210
2201,102,2371
2201,101,2956
2201,100,3560
2201,99,4084
2204,106,4106
2204,105,3189
2204,104,3166
2204,103,2558
2204,102,2532
2204,101,2156
2204,100,3045
2204,99,2886
2206,106,509
2206,105,-322
2206,104,3093
2206,103,-279
2206,102,-474
2206,101,357
2206,100,1238
2206,99,692
2207,106,10116
2207,105,10740
2207,104,9777
2207,103,9196
2207,102,7650
2207,101,7516
2207,100,6586
2207,99,4854
2227,106,6643
2227,105,4631
2227,104,4166
2227,103,6524
2227,102,7300
2227,101,4930
2227,100,3832
2227,99,2884
2239,106,1072
2239,105,1653
2239,104,694
2239,103,1142
2239,102,1018
2239,101,869
2243,106,44
2243,105,121
2243,104,110
2243,103,43
3346,106,260
3346,105,209
3346,104,70
3346,103,79
3346,102,73
3346,101,27
3346,100,45
3346,99,20
1437,106,311
1437,105,431
1437,104,51
1437,103,215
1437,102,-579
1437,101,11
1437,100,-127
1437,99,159
2302,106,-34
2302,105,14
2302,104,5
2302,103,120
2302,102,26
2302,101,-180
2302,100,-80
2302,99,40
2303,106,9629
2303,105,8316
2303,104,13449
2303,103,12141
2303,102,12630
2303,101,7819
2303,100,10610
2303,99,23899
2311,106,22988
2311,105,21643
2311,104,19198
2311,103,23637
2311,102,15689
2311,101,13091
2311,100,13726
2311,99,18338
2325,106,6900
2325,105,9933
2325,104,8762
2325,103,11744
2325,102,5892
2325,101,5620
2325,100,4837
2325,99,5627
2329,106,-714
2329,105,504
2329,104,1051
2329,103,661
2329,102,-288
2329,101,7
2329,100,-477
2329,99,-190
2330,106,343111
2330,105,334247
2330,104,306574
2330,103,263882
2330,102,188147
2330,101,166159
2330,100,134201
2330,99,161605
2337,106,5518
2337,105,-243
2337,104,-4188
2337,103,-6454
2337,102,-6306
2337,101,-5438
2337,100,2917
2337,99,7783
2338,106,-74
2338,105,-165
2338,104,-37
2338,103,60
2338,102,43
2338,101,112
2338,100,136
2338,99,232
2342,106,-24
2342,105,-121
2342,104,-988
2342,103,-406
2342,102,-1181
2342,101,-952
2342,100,-1635
2342,99,-715
2344,106,5551
2344,105,2898
2344,104,3291
2344,103,3076
2344,102,207
2344,101,-1853
2344,100,-843
2344,99,3551
2351,106,716
2351,105,728
2351,104,575
2351,103,712
2351,102,484
2351,101,279
2351,100,148
2351,99,655
2363,106,-278
2363,105,-189
2363,104,10
2363,103,-117
2363,102,-286
2363,101,-1487
2363,100,-696
2363,99,142
2369,106,131
2369,105,233
2369,104,-79
2369,103,187
2369,102,361
2369,101,374
2369,100,403
2369,99,789
2379,106,3392
2379,105,3040
2379,104,2428
2379,103,3893
2379,102,3035
2379,101,2254
2379,100,1593
2379,99,1672
2388,106,50
2388,105,201
2388,104,896
2388,103,-1568
2388,102,-1269
2388,101,-4073
2388,100,-3430
2388,99,-824
2401,106,421
2401,105,120
2401,104,589
2401,103,423
2401,102,53
2401,101,-677
2401,100,-1985
2401,99,774
2408,106,40282
2408,105,23721
2408,104,17141
2408,103,28242
2408,102,8138
2408,101,-36043
2408,100,-39886
2408,99,-15132
2434,106,-129
2434,105,-126
2434,104,-289
2434,103,271
2434,102,-182
2434,101,-177
2434,100,-236
2434,99,-68
2436,106,225
2436,105,142
2436,104,122
2436,103,209
2436,102,127
2436,101,20
2436,100,77
2436,99,198
2441,106,2509
2441,105,2239
2441,104,1976
2441,103,2261
2441,102,1615
2449,106,2234
2449,105,2981
2449,104,2282
2449,103,2559
2449,102,1816
2449,101,1554
2449,100,478
2449,99,1796
2451,106,2656
2451,105,2883
2451,104,3222
2451,103,3735
2451,102,3199
2451,101,2845
2451,100,2866
2451,99,1475
2454,106,24333
2454,105,23701
2454,104,25958
2454,103,46398
2454,102,27515
2454,101,15688
2454,100,13623
2454,99,30961
2458,106,1074
2458,105,653
2458,104,825
2458,103,1492
2458,102,1546
2458,101,1173
2458,100,472
2458,99,702
2481,106,-339
2481,105,605
2481,104,459
2481,103,107
2481,102,-268
2481,101,-642
2481,100,-536
2481,99,1128
3006,106,865
3006,105,598
3006,104,491
3006,103,1124
3006,102,670
3006,101,-174
3006,100,-214
3006,99,380
3014,106,390
3014,105,364
3014,104,338
3014,103,368
3014,102,221
3014,101,216
3014,100,-2274
3014,99,305
3016,106,180
3016,105,20
3016,104,23
3016,103,17
3016,102,-27
3016,101,-48
3016,100,14
3016,99,76
3034,106,5024
3034,105,5004
3034,104,6399
3034,103,7209
3034,102,4745
3034,101,4437
3034,100,3695
3034,99,4584
3035,106,836
3035,105,281
3035,104,461
3035,103,679
3035,102,819
3035,101,1065
3035,100,119
3035,99,856
3041,106,-469
3041,105,-575
3041,104,-86
3041,103,265
3041,102,891
3041,101,770
3041,100,665
3041,99,971
3054,106,82
3054,105,63
3054,104,-103
3054,103,15
3054,102,290
3054,101,-58
3054,100,36
3054,99,117
3094,106,52
3094,105,71
3094,104,84
3094,103,83
3094,102,72
3094,101,61
3094,100,51
3094,99,126
3189,106,492
3189,105,2234
3189,104,2904
3189,103,3617
3189,102,3224
3189,101,2798
3189,100,2799
3189,99,2453
3257,106,71
3257,105,123
3257,104,142
3257,103,303
3257,102,213
3257,101,118
3257,100,94
3257,99,102
3413,106,1073
3413,105,642
3413,104,515
3413,103,323
3413,102,43
3413,101,-388
3413,100,-216
3413,99,133
3443,106,855
3443,105,551
3443,104,494
3443,103,439
3443,102,289
3443,101,612
3443,100,527
3443,99,605
3519,106,-619
3519,105,-884
3519,104,-1499
3519,103,-2091
3519,102,-2428
3519,101,-3574
3519,100,-2371
3519,99,1658
3532,106,2243
3532,105,730
3532,104,1278
3532,103,1087
3532,102,314
3536,106,5
3536,105,21
3536,104,-77
3536,103,-497
3536,102,-142
3536,101,-303
3536,100,-256
3536,99,-784
3545,106,-80
3545,105,211
3545,104,253
3545,103,665
3545,102,364
3579,106,-309
3579,105,-684
3579,104,-960
3579,103,-567
3579,102,-644
3579,101,-987
3579,100,-611
3579,99,866
3583,106,328
3583,105,292
3583,104,86
3583,103,246
3583,102,249
3583,101,176
3583,100,77
3583,99,6
3588,106,21
3588,105,103
3588,104,98
3588,103,104
3588,102,113
3588,101,124
3588,100,142
3661,106,309
3661,105,-211
3661,104,129
3661,103,211
3661,102,113
3661,101,9
3661,100,66
3661,99,255
3686,106,-691
3686,105,-734
3686,104,-604
3686,103,-537
3686,102,-624
4919,106,688
4919,105,613
4919,104,469
4919,103,343
4919,102,259
4919,101,628
4919,100,426
4919,99,853
4952,106,359
4952,105,413
4952,104,388
4952,103,312
4952,102,305
4952,101,61
4952,100,167
4952,99,331
4968,106,142
4968,105,150
4968,104,146
4968,103,57
4968,102,15
5269,106,432
5269,105,350
5269,104,207
5269,103,228
5269,102,87
5269,101,218
5269,100,217
5269,99,47
5285,106,324
5285,105,150
5285,104,169
5285,103,209
5285,102,111
5285,101,84
5285,100,90
5285,99,125
5305,106,558
5305,105,431
5305,104,477
5305,103,429
5305,102,155
5305,101,194
5305,100,236
5305,99,510
5471,106,237
5471,105,280
5471,104,389
5471,103,524
5471,102,515
5471,101,538
5471,100,557
5471,99,802
6202,106,926
6202,105,784
6202,104,807
6202,103,792
6202,102,745
6202,101,560
6202,100,527
6202,99,786
6239,106,5849
6239,105,4835
6239,104,4016
6239,103,3240
6239,102,-4005
6239,101,3611
6239,100,4742
6239,99,7647
6243,106,-110
6243,105,-101
6243,104,-127
6243,103,-88
6243,102,-74
6243,101,-127
6243,100,-22
6243,99,135
6257,106,989
6257,105,776
6257,104,761
6257,103,1054
6257,102,878
6257,101,993
6257,100,783
6257,99,1070
6271,106,974
6271,105,1025
6271,104,1041
6271,103,1511
6271,102,1583
6271,101,1311
6271,100,963
6271,99,789
6415,106,1808
6415,105,1470
6415,104,1201
6415,103,801
6415,102,530
6415,101,388
6415,100,-83
6415,99,-65
6451,106,111
6451,105,961
6451,104,1101
6451,103,924
6451,102,850
6451,101,856
6451,100,1200
6525,106,627
6525,105,572
6525,104,544
6525,103,458
6525,102,210
6525,101,-10
6525,100,N/A
6531,106,251
6531,105,405
6531,104,466
6531,103,615
6531,102,579
6533,106,22
6533,105,-32
6533,104,4
6533,103,0
6533,102,-97
6552,106,4
6552,105,136
6552,104,284
6552,103,67
6552,102,4
6573,106,178
6573,105,162
6573,104,102
6573,103,47
8016,106,873
8016,105,1042
8016,104,835
8016,103,712
8016,102,429
8016,101,355
8016,100,293
8016,99,494
8081,106,317
8081,105,400
8081,104,434
8081,103,608
8081,102,543
8081,101,710
8081,100,696
8081,99,812
8110,106,671
8110,105,440
8110,104,144
8110,103,876
8110,102,322
8110,101,-228
8110,100,112
8110,99,955
8131,106,1393
8131,105,1023
8131,104,1127
8131,103,844
8131,102,117
8150,106,3027
8150,105,1532
8150,104,2230
8150,103,3326
8150,102,2323
8150,101,1119
8150,100,362
8150,99,2404
8261,106,39
8261,105,72
8261,104,95
8261,103,173
8261,102,-117
8261,101,-197
8261,100,-116
8261,99,141
8271,106,405
8271,105,349
8271,104,228
8271,103,491
8271,102,447
8271,101,401
8271,100,265
8271,99,327
2301,106,2629
2301,105,9416
2301,104,7223
2301,103,6461
2301,102,8755
2301,101,7535
2301,100,7226
2301,99,8986
2305,106,515
2305,105,16
2305,104,23
2305,103,153
2305,102,40
2305,101,-44
2305,100,51
2305,99,-98
2324,106,5750
2324,105,8131
2324,104,8685
2324,103,7024
2324,102,2467
2324,101,6411
2324,100,11015
2324,99,23272
2331,106,222
2331,105,-945
2331,104,1151
2331,103,1386
2331,102,3624
2331,101,365
2331,100,428
2331,99,148
2352,106,5291
2352,105,4342
2352,104,2169
2352,103,2971
2352,102,709
2352,101,-2600
2352,100,-3411
2352,99,3740
2353,106,2816
2353,105,-4900
2353,104,604
2353,103,1791
2353,102,-20519
2353,101,-2910
2353,100,-6602
2353,99,15118
2356,106,6755
2356,105,5637
2356,104,5564
2356,103,7098
2356,102,7074
2356,101,3215
2356,100,2425
2356,99,3482
2357,106,15545
2357,105,19203
2357,104,17097
2357,103,19470
2357,102,21450
2357,101,22422
2357,100,16578
2357,99,16488
2362,106,718
2362,105,595
2362,104,1029
2362,103,2332
2362,102,3451
2362,101,1311
2362,100,1252
2362,99,784
2364,106,-192
2364,105,-179
2364,104,-179
2364,103,-198
2364,102,-195
2364,101,-246
2364,100,51
2364,99,-110
2365,106,48
2365,105,-300
2365,104,94
2365,103,125
2365,102,4
2365,101,71
2365,100,116
2365,99,429
2376,106,2786
2376,105,2293
2376,104,1920
2376,103,2398
2376,102,2356
2376,101,1553
2376,100,1569
2376,99,2104
2377,106,4937
2377,105,4888
2377,104,3706
2377,103,3014
2377,102,1973
2377,101,865
2377,100,326
2377,99,520
2380,106,-637
2380,105,-304
2380,104,-218
2380,103,-85
2380,102,-246
2380,101,-308
2380,100,48
2380,99,99
2382,106,14367
2382,105,15138
2382,104,17827
2382,103,18884
2382,102,18618
2382,101,23039
2382,100,23053
2382,99,18592
2387,106,213
2387,105,596
2387,104,813
2387,103,692
2387,102,105
2387,101,-47
2387,100,316
2387,99,1348
2395,106,6157
2395,105,5667
2395,104,5104
2395,103,4908
2395,102,4106
2395,101,3462
2395,100,3553
2395,99,3039
2397,106,418
2397,105,527
2397,104,359
2397,103,337
2397,102,253
2397,101,215
2397,100,210
2397,99,150
2399,106,100
2399,105,-33
2399,104,-104
2399,103,-66
2399,102,123
2399,101,98
2399,100,306
2399,99,270
2405,106,-150
2405,105,-99
2405,104,-213
2405,103,-247
2405,102,475
2405,101,318
2405,100,11
2405,99,-456
2417,106,-58
2417,105,-95
2417,104,-271
2417,103,-147
2417,102,-171
2417,101,2
2417,100,594
2417,99,1000
2424,106,-49
2424,105,-46
2424,104,-27
2424,103,-6
2424,102,212
2424,101,-30
2424,100,59
2424,99,-3
2425,106,-57
2425,105,92
2425,104,183
2425,103,271
2425,102,352
2425,101,81
2425,100,-170
2425,99,-204
2442,106,-104
2442,105,27
2442,104,48
2442,103,132
2442,102,110
2442,101,124
2442,100,-161
2442,99,398
2465,106,-58
2465,105,-208
2465,104,52
2465,103,-135
2465,102,-100
2465,101,-124
2465,100,-46
2465,99,79
3002,106,75
3002,105,60
3002,104,42
3002,103,78
3002,102,51
3002,101,56
3002,100,11
3002,99,119
3005,106,1910
3005,105,2080
3005,104,1274
3005,103,880
3005,102,402
3005,101,363
3005,100,462
3005,99,735
3013,106,213
3013,105,198
3013,104,70
3013,103,130
3013,102,96
3013,101,38
3013,100,-70
3013,99,189
3017,106,887
3017,105,860
3017,104,741
3017,103,729
3017,102,246
3017,101,34
3017,100,666
3017,99,1021
3022,106,924
3022,105,1367
3022,104,1167
3022,103,1481
3022,102,1121
3022,101,1015
3022,100,1375
3022,99,831
3046,106,-120
3046,105,-367
3046,104,-179
3046,103,-318
3046,102,-174
3046,101,-30
3046,100,39
3046,99,33
3057,106,-601
3057,105,-327
3057,104,78
3057,103,408
3057,102,331
3057,101,100
3057,100,-183
3057,99,6
3060,106,54
3060,105,214
3060,104,755
3060,103,725
3060,102,516
3060,101,1018
3060,100,235
3060,99,932
3231,106,3886
3231,105,2961
3231,104,1334
3231,103,3580
3231,102,5751
3231,101,6666
3231,100,9065
3231,99,12030
3416,106,134
3416,105,184
3416,104,212
3416,103,233
3416,102,222
3416,101,152
3416,100,170
3416,99,218
3494,106,-338
3494,105,-145
3494,104,-26
3494,103,83
3494,102,-64
3494,101,-20
3494,100,46
3494,99,106
3515,106,469
3515,105,160
3515,104,241
3515,103,506
3515,102,1061
3515,101,1035
3515,100,1307
3515,99,1124
3701,106,112
3701,105,113
3701,104,-330
3701,103,-330
3701,102,-397
3701,101,-498
3701,100,-895
3701,99,-418
3706,106,2581
3706,105,2719
3706,104,1754
3706,103,761
3706,102,571
3706,101,590
3706,100,253
3706,99,-824
4916,106,84
4916,105,137
4916,104,-27
4916,103,11
4916,102,153
4916,101,185
4916,100,267
4916,99,205
4938,106,14683
4938,105,19340
4938,104,23812
4938,103,14658
4938,102,9554
4938,101,6104
4938,100,111
4938,99,6211
5215,106,32
5215,105,109
5215,104,234
5215,103,233
5215,102,55
5215,101,215
5215,100,215
5215,99,301
5258,106,59
5258,105,302
5258,104,97
5258,103,86
5258,102,101
5258,101,98
5258,100,150
5258,99,166
5264,106,1656
5264,105,2802
5264,104,5636
5264,103,4924
5264,102,6123
5264,101,3271
5264,100,215
5264,99,633
6117,106,284
6117,105,-170
6117,104,-233
6117,103,38
6117,102,20
6117,101,-38
6117,100,74
6117,99,54
6128,106,458
6128,105,376
6128,104,337
6128,103,280
6128,102,220
6128,101,194
6128,100,247
6128,99,315
6166,106,389
6166,105,431
6166,104,607
6166,103,588
6166,102,415
6166,101,194
6166,100,416
6166,99,600
6172,106,-6
6172,105,9
6172,104,7
6172,103,40
6172,102,9
6172,101,-110
6172,100,-181
6172,99,-58
6206,106,738
6206,105,882
6206,104,1017
6206,103,959
6206,102,860
6206,101,609
6206,100,538
6206,99,582
6230,106,500
6230,105,946
6230,104,671
6230,103,570
6230,102,536
6230,101,414
6230,100,247
6230,99,358
6235,106,83
6235,105,1330
6235,104,47
6235,103,-201
6235,102,-94
6235,101,-209
6235,100,-20
6235,99,-192
6277,106,727
6277,105,788
6277,104,705
6277,103,760
6277,102,741
6277,101,482
6277,100,516
6277,99,573
6414,106,1123
6414,105,1023
6414,104,866
6414,103,562
6414,102,372
6414,101,174
6414,100,102
6579,106,560
6579,105,511
6579,104,321
6579,103,396
6579,102,293
6591,106,86
6591,105,147
6591,104,85
6591,103,2
6591,102,-14
8114,106,719
8114,105,650
8114,104,616
8114,103,580
8114,102,507
8114,101,376
8114,100,318
8114,99,316
8163,106,581
8163,105,468
8163,104,625
8163,103,78
8163,102,3
8163,101,225
8163,100,161
8163,99,603
8210,106,455
8210,105,600
8210,104,505
8210,103,541
8210,102,342
8210,101,481
8210,100,445
8210,99,425
9912,106,9
9912,105,-8
9912,104,-56
9912,103,1
9912,102,-18
9912,101,653
9912,100,7
9912,99,-33
2323,106,-1128
2323,105,-2371
2323,104,-2697
2323,103,-1726
2323,102,-3535
2323,101,-642
2323,100,-1699
2323,99,-5732
2340,106,672
2340,105,855
2340,104,573
2340,103,562
2340,102,420
2340,101,336
2340,100,453
2340,99,688
2349,106,-2430
2349,105,-2233
2349,104,-2163
2349,103,-3315
2349,102,-3127
2349,101,-2242
2349,100,-2257
2349,99,-1305
2374,106,218
2374,105,386
2374,104,697
2374,103,155
2374,102,484
2374,101,1349
2374,100,1089
2374,99,2365
2393,106,1204
2393,105,1806
2393,104,1840
2393,103,2167
2393,102,1471
2393,101,546
2393,100,1316
2393,99,2310
2406,106,-2639
2406,105,33
2406,104,4
2406,103,3
2406,102,-709
2406,101,17
2406,100,139
2406,99,794
2409,106,32359
2409,105,7819
2409,104,4932
2409,103,17628
2409,102,4180
2409,101,-54615
2409,100,-61264
2409,99,6693
2426,106,197
2426,105,266
2426,104,330
2426,103,354
2426,102,-980
2426,101,-705
2426,100,-164
2426,99,152
2438,106,-77
2438,105,-7
2438,104,5
2438,103,3
2438,102,-13
2438,101,-185
2438,100,-58
2438,99,-58
2448,106,1650
2448,105,-3546
2448,104,-3019
2448,103,1810
2448,102,38
2448,101,-1117
2448,100,480
2448,99,5766
2466,106,2
2466,105,6
2466,104,-79
2466,103,-120
2466,102,-102
2466,101,-177
2466,100,-90
2466,99,50
2475,106,2986
2475,105,-1776
2475,104,-8762
2475,103,-3982
2475,102,-4853
2475,101,-11774
2475,100,-12480
2475,99,-15678
2486,106,-167
2486,105,-103
2486,104,-282
2486,103,209
2486,102,216
2486,101,86
2486,100,-397
2486,99,429
2489,106,-888
2489,105,1631
2489,104,1750
2489,103,835
2489,102,1130
2489,101,1746
2489,100,1211
2489,99,2012
2491,106,39
2491,105,-26
2491,104,30
2491,103,221
2491,102,-133
2491,101,-443
2491,100,-398
2491,99,95
2499,106,-1841
2499,105,-453
2499,104,199
2499,103,387
2499,102,207
2499,101,82
2499,100,-531
2499,99,747
3008,106,25976
3008,105,22733
3008,104,24157
3008,103,19438
3008,102,9610
3008,101,5578
3008,100,5199
3008,99,4044
3019,106,620
3019,105,337
3019,104,104
3019,103,-334
3019,102,-857
3019,101,-433
3019,100,-2063
3019,99,-999
3024,106,35
3024,105,767
3024,104,-331
3024,103,-311
3024,102,-551
3024,101,-237
3024,100,-238
3024,99,58
3031,106,210
3031,105,177
3031,104,-14
3031,103,90
3031,102,32
3031,101,-356
3031,100,178
3031,99,325
3038,106,54
3038,105,188
3038,104,266
3038,103,171
3038,102,51
3038,101,-109
3038,100,2
3038,99,-73
3049,106,141
3049,105,-493
3049,104,124
3049,103,578
3049,102,312
3049,101,-2289
3049,100,-1753
3049,99,-267
3050,106,129
3050,105,87
3050,104,142
3050,103,-64
3050,102,-59
3050,101,4
3050,100,-136
3050,99,90
3051,106,-213
3051,105,-274
3051,104,307
3051,103,537
3051,102,537
3051,101,106
3051,100,-1070
3051,99,-1456
3059,106,13
3059,105,54
3059,104,274
3059,103,275
3059,102,-332
3059,101,280
3059,100,192
3059,99,1328
3149,106,20
3149,105,-451
3149,104,-5132
3149,103,-2132
3149,102,-1266
3149,101,662
3149,100,842
3149,99,477
3356,106,-175
3356,105,140
3356,104,352
3356,103,490
3356,102,582
3356,101,507
3356,100,455
3356,99,293
3383,106,-618
3383,105,-2101
3383,104,-1852
3383,103,118
3383,102,-450
3383,101,-715
3383,100,303
3383,99,589
3406,106,1048
3406,105,-154
3406,104,-1128
3406,103,-693
3406,102,-364
3406,101,806
3406,100,938
3406,99,464
3437,106,98
3437,105,59
3437,104,343
3437,103,422
3437,102,687
3437,101,456
3437,100,253
3437,97,-978
3454,106,430
3454,105,521
3454,104,474
3454,103,368
3454,102,724
3454,101,576
3454,100,455
3454,99,196
3481,106,37029
3481,105,1871
3481,104,10816
3481,103,21677
3481,102,5103
3481,101,-29205
3481,100,-64440
3481,99,-14835
3504,106,-149
3504,105,-199
3504,104,129
3504,103,193
3504,102,239
3504,101,434
3504,100,571
3504,99,485
3514,106,-1493
3514,105,-2254
3514,104,-99
3514,103,-378
3514,102,-591
3514,101,-1924
3514,100,-1589
3514,99,4325
3535,106,-129
3535,105,8
3535,104,53
3535,103,-37
3535,102,-116
3535,101,-203
3557,106,-230
3557,105,-101
3557,104,-65
3557,103,-387
3557,102,-283
3557,101,-80
3557,100,-540
3557,99,-139
3561,106,-931
3561,105,-481
3561,104,-334
3561,103,152
3561,102,-370
3561,101,-1816
3561,100,-1228
3561,99,1396
3576,106,-4154
3576,105,-6310
3576,104,-1456
3576,103,219
3576,102,502
3576,101,-4174
3576,100,-2898
3576,99,2738
3591,106,-190
3591,105,-87
3591,104,-136
3591,103,-43
3591,102,-162
3591,101,30
3591,100,210
3591,99,491
3622,106,-6
3622,105,-153
3622,104,-2626
3622,103,-1804
3622,102,-1627
3622,101,-355
3622,100,420
3622,99,2667
3669,106,44
3669,105,126
3669,104,-26
3669,103,21
3669,102,-48
3669,101,41
3669,100,204
3669,99,521
3673,106,2404
3673,105,-1467
3673,104,-20007
3673,103,277
3673,102,7189
3673,101,13816
3673,100,11344
3673,99,4742
3698,106,129
3698,105,-728
3698,104,275
3698,103,630
3698,102,980
3698,101,291
3698,100,-138
3698,99,1231
4934,106,-952
4934,105,-294
4934,104,333
4934,103,175
4934,102,219
4934,101,-1454
4934,100,-603
4934,99,518
4935,106,271
4935,105,790
4935,104,864
4935,103,582
4935,102,217
4935,101,304
4935,100,517
4935,99,257
4942,106,250
4942,105,326
4942,104,-530
4942,103,394
4942,102,499
4942,101,614
4942,100,656
4942,99,801
4956,106,63
4956,105,7
4956,104,0
4956,103,115
4956,102,60
4956,101,85
4956,100,213
4956,99,229
4960,106,-1226
4960,105,-1484
4960,104,1049
4960,103,2249
4960,102,2446
4960,101,1611
4960,100,1429
4960,99,1643
4976,106,11
4976,105,-49
4976,104,-118
4976,103,-37
4976,102,158
5234,106,473
5234,105,353
5234,104,267
5234,103,304
5234,102,411
5234,101,341
5234,100,217
5234,99,291
5243,106,434
5243,105,377
5243,104,308
5243,103,544
5243,102,395
5243,101,243
5243,100,150
5243,99,292
5259,106,-138
5259,105,-295
5259,104,-610
5259,103,-179
5259,102,-68
5484,106,-104
5484,105,16
5484,104,-176
5484,103,-124
5484,102,-64
5484,101,3
5484,100,-53
5484,99,80
6116,106,6709
6116,105,4047
6116,104,-2204
6116,103,541
6116,102,6177
6116,101,-1641
6116,100,-7441
6116,99,-7611
6120,106,385
6120,105,244
6120,104,-425
6120,103,1290
6120,102,502
6120,101,106
6120,100,357
6120,99,1029
6131,106,173
6131,105,-111
6131,104,-484
6131,103,-149
6131,102,-155
6131,101,-58
6131,100,8
6131,99,60
6164,106,37
6164,105,129
6164,104,53
6164,103,132
6164,102,158
6164,101,34
6164,100,47
6164,99,121
6168,106,227
6168,105,-155
6168,104,-15
6168,103,366
6168,102,36
6168,101,-532
6168,100,54
6168,99,220
6176,106,3055
6176,105,3168
6176,104,3073
6176,103,3726
6176,102,4711
6176,101,5440
6176,100,4387
6176,99,2600
6209,106,-138
6209,105,3
6209,104,-127
6209,103,-139
6209,102,74
6209,101,417
6209,100,381
6209,99,345
6225,106,-13
6225,105,-24
6225,104,-60
6225,103,-141
6225,102,-164
6225,101,-194
6225,100,-277
6225,99,-307
6226,106,18
6226,105,49
6226,104,-67
6226,103,29
6226,102,23
6226,101,-168
6226,100,-96
6226,99,22
6278,106,771
6278,105,571
6278,104,898
6278,103,1062
6278,102,1206
6278,101,1028
6278,100,1317
6278,99,1624
6289,106,-136
6289,105,-159
6289,104,-266
6289,103,-418
6289,102,-591
6289,101,-535
6289,100,-564
6289,99,5
6405,106,21
6405,105,3
6405,104,10
6405,103,365
6405,102,378
6405,101,407
6405,100,182
6405,99,67
6431,106,-159
6431,105,-271
6431,104,-208
6431,103,74
6431,102,139
6431,101,99
6431,100,39
6443,106,-951
6443,105,13
6443,104,172
6443,103,171
6443,102,268
6443,101,-700
6456,106,6954
6456,105,2897
6456,104,2211
6456,103,1335
6456,102,2348
6456,101,580
6456,100,-38
6477,106,75
6477,105,-57
6477,104,86
6477,103,122
6477,102,70
6477,101,-24
8072,106,-22
8072,105,31
8072,104,138
8072,103,285
8072,102,512
8072,101,735
8072,100,888
8072,99,733
8105,106,606
8105,105,632
8105,104,447
8105,103,87
8105,102,-602
8105,101,-628
8105,100,-621
8105,99,-337
8215,106,525
8215,105,-420
8215,104,506
8215,103,1060
8215,102,1417
8215,101,-1084
8215,100,-699
8215,99,141
2314,106,161
2314,105,164
2314,104,41
2314,103,-534
2314,102,-912
2314,101,-1032
2314,100,-1776
2314,99,-158
2321,106,-61
2321,105,47
2321,104,-79
2321,103,-86
2321,102,6
2321,101,-664
2321,100,-572
2321,99,-548
2332,106,-193
2332,105,-954
2332,104,-1871
2332,103,62
2332,102,648
2332,101,779
2332,100,970
2332,99,1222
2345,106,2559
2345,105,1888
2345,104,1166
2345,103,644
2345,102,559
2345,101,873
2345,100,862
2345,99,1006
2412,106,38874
2412,105,40067
2412,104,42806
2412,103,38612
2412,102,39716
2412,101,39904
2412,100,47068
2412,99,47609
2419,106,327
2419,105,449
2419,104,223
2419,103,149
2419,102,75
2419,101,290
2419,100,197
2419,99,208
2439,106,3622
2439,105,2011
2439,104,641
2439,103,1244
2439,102,1031
2439,101,481
2439,100,315
2439,99,601
2444,106,13
2444,105,53
2444,104,25
2444,103,48
2444,102,-198
2444,101,5
2444,100,12
2444,99,-133
2450,106,826
2450,105,997
2450,104,803
2450,103,550
2450,102,1430
2450,101,1492
2450,100,1383
2450,99,1208
2455,106,394
2455,105,467
2455,104,593
2455,103,468
2455,102,461
2455,97,-13
2455,96,167
2455,95,176
2485,106,31
2485,105,531
2485,104,844
2485,103,606
2485,102,774
2485,101,513
2485,100,897
2485,99,1028
2496,106,155
2496,105,30
2496,104,-28
2496,103,-91
2496,102,-26
2496,97,-349
2496,96,-195
2496,95,-103
2498,106,-16906
2498,105,-10560
2498,104,-15533
2498,103,1483
2498,102,-1324
2498,101,16781
2498,100,61976
2498,99,39534
3025,106,15
3025,105,28
3025,104,-13
3025,103,12
3025,102,40
3025,101,48
3025,100,-44
3025,99,44
3027,106,-229
3027,105,23
3027,104,38
3027,103,35
3027,102,35
3027,101,35
3027,100,15
3027,99,12
3045,106,14192
3045,105,15320
3045,104,15686
3045,103,15006
3045,102,15583
3045,101,14692
3045,100,13469
3045,99,13822
3047,106,-180
3047,105,83
3047,104,151
3047,103,128
3047,102,142
3047,101,189
3047,100,-108
3047,99,62
3062,106,142
3062,105,334
3062,104,459
3062,103,342
3062,102,158
3062,101,70
3062,100,656
3062,99,369
3311,106,-82
3311,105,-109
3311,104,146
3311,103,-1385
3311,102,268
3311,101,857
3311,100,1334
3311,99,1468
3380,106,549
3380,105,608
3380,104,-340
3380,103,536
3380,102,780
3380,101,716
3380,100,950
3380,99,936
3419,106,-81
3419,105,98
3419,104,-59
3419,103,-36
3419,102,-130
3419,101,88
3419,100,-67
3419,99,-48
3596,106,607
3596,105,1357
3596,104,574
3596,103,692
3596,102,591
3596,101,355
3596,100,581
3596,99,631
3682,106,-4012
3682,105,-5129
3682,104,-1601
3682,103,-8412
3682,102,1843
3682,101,3300
3682,100,10664
3682,99,3671
3694,106,34
3694,105,78
3694,104,39
3694,103,-562
3694,102,-259
3694,101,-127
3694,100,13
3694,99,269
3704,106,-570
3704,105,283
3704,104,-625
3704,103,174
3704,102,344
3704,101,-30
3704,100,1254
3704,99,743
4904,106,10857
4904,105,11391
4904,104,11486
4904,103,11483
4904,102,11829
4904,101,10600
4904,100,8881
4904,99,8849
4906,106,312
4906,105,567
4906,104,207
4906,103,72
4906,102,456
4906,101,922
4906,100,12
4906,99,400
4977,106,283
4977,105,331
4977,104,268
4977,103,253
4977,102,197
4977,101,140
4977,100,110
4977,99,134
4984,106,-49
4984,105,313
4984,104,162
4984,103,112
4984,102,2
4984,101,18
4984,100,305
4984,99,187
5388,106,1312
5388,105,1462
5388,104,1305
5388,103,949
5388,102,845
5388,101,755
5388,100,583
5388,99,314
6136,106,199
6136,105,234
6136,104,229
6136,103,232
6136,102,232
6136,101,256
6136,100,232
6136,99,398
6142,106,-205
6142,105,161
6142,104,-151
6142,103,-242
6142,102,104
6142,101,164
6142,100,-130
6142,99,194
6152,106,-192
6152,105,-52
6152,104,-333
6152,103,-277
6152,102,349
6152,101,432
6152,100,447
6152,99,385
6216,106,193
6216,105,241
6216,104,231
6216,103,186
6216,102,150
6216,101,113
6216,100,129
6216,99,98
6283,106,35
6283,105,89
6283,104,15
6283,103,-510
6283,102,-191
6283,101,-146
6283,100,-212
6283,99,2
6285,106,2064
6285,105,2043
6285,104,1973
6285,103,1376
6285,102,1518
6285,101,1128
6285,100,1710
6285,99,1549
6442,106,47
6442,105,290
6442,104,318
6442,103,233
6442,102,118
6442,101,102
6442,100,85
8011,106,41
8011,105,75
8011,104,4
8011,103,121
8011,102,166
8011,101,195
8011,100,195
8011,99,241
8101,106,-680
8101,105,-1551
8101,104,-361
8101,103,185
8101,102,170
8101,101,-479
8101,100,427
8101,99,101
1471,106,-451
1471,105,-385
1471,104,-359
1471,103,-79
1471,102,31
1471,101,-294
1471,100,-95
1471,99,-128
1582,106,869
1582,105,909
1582,104,791
1582,103,856
1582,102,655
1582,101,727
1582,100,505
1582,99,523
2059,106,909
2059,105,1572
2059,104,1923
2059,103,1809
2059,102,1396
2059,101,1056
2059,100,898
2059,99,704
2308,106,18381
2308,105,18798
2308,104,18715
2308,103,20704
2308,102,17776
2308,101,16110
2308,100,10991
2308,99,15754
2313,106,3577
2313,105,1625
2313,104,2867
2313,103,1987
2313,102,1854
2313,101,868
2313,100,972
2313,99,-175
2316,106,-8
2316,105,47
2316,104,4728
2316,103,364
2316,102,274
2316,101,378
2316,100,446
2316,99,381
2327,106,6847
2327,105,3954
2327,104,3630
2327,103,3866
2327,102,1450
2327,101,1059
2327,100,1668
2327,99,4148
2328,106,691
2328,105,1099
2328,104,284
2328,103,209
2328,102,325
2328,101,402
2328,100,-242
2328,99,330
2355,106,1501
2355,105,2489
2355,104,1977
2355,103,1769
2355,102,1746
2355,101,1551
2355,100,1156
2355,99,1000
2367,106,674
2367,105,-699
2367,104,546
2367,103,512
2367,102,249
2367,101,-506
2367,100,470
2367,99,135
2368,106,-269
2368,105,144
2368,104,102
2368,103,629
2368,102,-874
2368,101,-1772
2368,100,-421
2368,99,126
2375,106,231
2375,105,-46
2375,104,41
2375,103,123
2375,102,593
2375,101,-142
2375,100,-381
2375,99,-43
2383,106,2791
2383,105,2770
2383,104,2389
2383,103,1539
2383,102,836
2383,101,1127
2383,100,850
2383,99,1219
2385,106,4022
2385,105,3531
2385,104,3761
2385,103,4081
2385,102,3782
2385,101,3844
2385,100,4156
2385,99,3650
2392,106,1335
2392,105,793
2392,104,1650
2392,103,1787
2392,102,2075
2392,101,1954
2392,100,2165
2392,99,1734
2402,106,-298
2402,105,30
2402,104,53
2402,103,1070
2402,102,367
2402,101,104
2402,100,84
2402,99,37
2413,106,-125
2413,105,21
2413,104,168
2413,103,53
2413,102,0
2413,101,-292
2413,100,-105
2413,99,148
2415,106,141
2415,105,215
2415,104,75
2415,103,185
2415,102,82
2415,101,177
2415,100,128
2415,99,11
2420,106,461
2420,105,566
2420,104,650
2420,103,586
2420,102,499
2420,101,330
2420,100,363
2420,99,320
2421,106,657
2421,105,572
2421,104,442
2421,103,379
2421,102,306
2421,101,214
2421,100,432
2421,99,611
2428,106,1085
2428,105,901
2428,104,688
2428,103,619
2428,102,509
2428,101,431
2428,100,403
2428,99,609
2429,106,-81
2429,105,8
2429,104,-85
2429,103,-100
2429,102,-90
2429,95,-421
2429,94,-152
2431,106,-38
2431,105,97
2431,104,35
2431,103,142
2431,102,56
2431,101,-124
2431,100,-43
2431,99,85
2440,106,117
2440,105,9
2440,104,-25
2440,103,-11
2440,102,-76
2440,101,-189
2440,100,-92
2440,99,49
2443,106,-271
2443,105,-222
2443,104,-240
2443,103,-125
2443,102,642
2443,101,-1052
2443,100,-120
2443,99,-952
2456,106,1173
2456,105,679
2456,104,560
2456,103,364
2456,102,270
2456,101,266
2456,100,216
2456,99,384
2457,106,7
2457,105,-301
2457,104,-509
2457,103,148
2457,102,153
2457,101,310
2457,100,1426
2457,99,1659
2460,106,-1
2460,105,45
2460,104,-41
2460,103,87
2460,102,15
2460,101,85
2460,100,185
2460,99,322
2462,106,30
2462,105,150
2462,104,176
2462,103,151
2462,102,193
2462,101,294
2462,100,296
2462,99,256
2467,106,403
2467,105,210
2467,104,-496
2467,103,243
2467,102,286
2467,101,264
2467,100,396
2467,99,424
2472,106,461
2472,105,430
2472,104,409
2472,103,555
2472,102,371
2472,101,127
2472,100,260
2472,99,130
2476,106,382
2476,105,475
2476,104,394
2476,103,386
2476,102,345
2476,101,409
2476,100,350
2476,99,490
2478,106,189
2478,105,229
2478,104,243
2478,103,171
2478,102,76
2478,101,105
2478,100,228
2478,99,534
2483,106,162
2483,105,178
2483,104,193
2483,103,181
2483,102,122
2483,101,-16
2483,100,18
2483,99,146
2484,106,168
2484,105,235
2484,104,266
2484,103,289
2484,102,138
2484,101,-151
2484,100,-91
2484,99,50
2492,106,2609
2492,105,2152
2492,104,1206
2492,103,551
2492,102,-504
2492,101,-1403
2492,100,-1057
2492,99,953
2493,106,247
2493,105,326
2493,104,287
2493,103,375
2493,102,260
3003,106,498
3003,105,388
3003,104,378
3003,103,388
3003,102,312
3003,101,357
3003,100,224
3003,99,311
3011,106,-102
3011,105,3
3011,104,-106
3011,103,-70
3011,102,-95
3011,101,4
3011,100,13
3011,99,-11
3015,106,315
3015,105,310
3015,104,378
3015,103,401
3015,102,495
3015,101,579
3015,100,598
3015,99,858
3021,106,109
3021,105,106
3021,104,86
3021,103,80
3021,102,48
3021,101,68
3021,100,120
3021,99,56
3023,106,1226
3023,105,1157
3023,104,970
3023,103,794
3023,102,663
3023,101,547
3023,100,447
3023,99,403
3026,106,879
3026,105,506
3026,104,598
3026,103,904
3026,102,696
3026,101,655
3026,100,762
3026,99,832
3032,106,243
3032,105,403
3032,104,271
3032,103,213
3032,102,50
3032,101,6
3032,100,25
3032,99,116
3037,106,414
3037,105,12
3037,104,288
3037,103,497
3037,102,1173
3037,101,3456
3037,100,5010
3037,99,7116
3042,106,963
3042,105,1016
3042,104,938
3042,103,995
3042,102,935
3042,101,1149
3042,100,1050
3042,99,1190
3044,106,4366
3044,105,3573
3044,104,2833
3044,103,2637
3044,102,2375
3044,101,2933
3044,100,4205
3044,99,5083
3058,106,-36
3058,105,99
3058,104,15
3058,103,19
3058,102,123
3058,101,359
3058,100,61
3058,99,263
3090,106,582
3090,105,387
3090,104,372
3090,103,361
3090,102,320
3090,101,182
3090,100,269
3090,99,264
3229,106,-17
3229,105,-163
3229,104,-41
3229,103,49
3229,102,53
3229,101,-119
3229,100,23
3229,99,29
3296,106,2
3296,105,130
3296,104,9
3296,103,41
3296,102,-64
3296,101,114
3296,100,-133
3296,99,162
3308,106,-56
3308,105,-20
3308,104,0
3308,103,-33
3308,102,-120
3308,101,-34
3308,100,-133
3308,99,-60
3321,106,-250
3321,105,-236
3321,104,178
3321,103,343
3321,102,282
3321,101,76
3321,100,-252
3321,99,-389
3338,106,35
3338,105,187
3338,104,132
3338,103,166
3338,102,144
3338,101,131
3338,100,65
3338,99,20
3376,106,733
3376,105,1096
3376,104,1613
3376,103,1136
3376,102,874
3376,101,981
3376,100,361
3376,99,743
3432,106,-22
3432,105,7
3432,104,11
3432,103,41
3432,102,-55
3432,101,-145
3432,100,-144
3432,99,88
3501,106,527
3501,105,702
3501,104,735
3501,103,459
3501,102,477
3501,101,495
3501,100,449
3501,99,590
3533,106,956
3533,105,690
3533,104,796
3533,103,1078
3533,102,725
3533,101,948
3533,100,930
3533,99,1248
3550,106,124
3550,105,107
3550,104,82
3550,103,103
3550,102,91
3550,101,25
3550,100,-132
3550,99,287
3593,106,2
3593,105,-163
3593,104,-211
3593,103,-207
3593,102,-465
3593,101,-232
3593,100,-11
3593,99,135
3605,106,75
3605,105,192
3605,104,149
3605,103,448
3605,102,192
3605,101,241
3605,100,683
3605,99,598
3607,106,-396
3607,105,-316
3607,104,664
3607,103,719
3607,102,417
3607,101,354
3607,100,346
3607,99,336
3645,106,290
3645,105,217
3645,104,160
3645,103,238
3645,102,99
3645,101,176
3645,100,219
3653,106,233
3653,105,244
3653,104,226
3653,103,407
3653,102,289
3653,101,238
3653,100,466
3653,99,541
3679,106,436
3679,105,602
3679,104,339
3679,103,291
3679,102,281
3679,101,414
3679,100,612
3679,99,581
4545,106,17
4545,105,228
4545,104,511
4545,103,495
4545,102,238
4545,101,162
4545,100,198
4912,106,298
4912,105,68
4912,104,196
4912,103,221
4912,102,131
4912,101,204
4912,100,108
4912,99,83
4915,106,2057
4915,105,1934
4915,104,1773
4915,103,1545
4915,102,669
4915,101,1250
4915,100,1041
4915,99,1501
4927,106,78
4927,105,273
4927,104,532
4927,103,427
4927,102,351
4927,101,570
4927,100,438
4927,99,338
4943,106,1096
4943,105,122
4943,104,165
4943,103,103
4943,102,18
4943,101,16
4943,100,74
4943,99,154
4958,106,5172
4958,105,3456
4958,104,7731
4958,103,6735
4958,102,5471
4958,101,4138
4958,100,2356
4958,99,711
4999,106,384
4999,105,451
4999,104,437
4999,103,502
4999,102,394
4999,101,380
4999,100,195
4999,99,254
5469,106,856
5469,105,945
5469,104,365
5469,103,706
5469,102,-251
5469,101,540
5469,100,486
5469,99,552
6108,106,273
6108,105,505
6108,104,19
6108,103,331
6108,102,158
6108,101,341
6108,100,455
6108,99,487
6115,106,455
6115,105,732
6115,104,606
6115,103,611
6115,102,646
6115,101,676
6115,100,720
6115,99,659
6133,106,24
6133,105,12
6133,104,41
6133,103,48
6133,102,13
6133,101,11
6133,100,-144
6133,99,-27
6141,106,212
6141,105,-144
6141,104,-416
6141,103,14
6141,102,-67
6141,101,27
6141,100,152
6141,99,223
6153,106,23
6153,105,74
6153,104,618
6153,103,407
6153,102,655
6153,101,978
6153,100,1262
6153,99,975
6155,106,43
6155,105,83
6155,104,104
6155,103,121
6155,102,120
6155,101,114
6155,100,71
6155,99,121
6165,106,-8
6165,105,-26
6165,104,-25
6165,103,-132
6165,102,-83
6165,101,-179
6165,100,-150
6165,99,-127
6191,106,409
6191,105,548
6191,104,-339
6191,103,135
6191,102,-373
6191,101,85
6191,100,882
6191,99,620
6197,106,282
6197,105,412
6197,104,262
6197,103,311
6197,102,168
6197,101,68
6197,100,-64
6197,99,94
6205,106,137
6205,105,240
6205,104,223
6205,103,264
6205,102,149
6205,101,113
6205,100,47
6205,99,81
6213,106,1245
6213,105,952
6213,104,600
6213,103,530
6213,102,817
6213,101,1084
6213,100,1128
6213,99,1455
6224,106,328
6224,105,405
6224,104,467
6224,103,401
6224,102,377
6224,101,391
6224,100,373
6224,99,352
6251,106,9
6251,105,11
6251,104,-94
6251,103,244
6251,102,-255
6251,101,-678
6251,100,296
6251,99,70
6269,106,3057
6269,105,2275
6269,104,2759
6269,103,1487
6269,102,1928
6269,101,1720
6269,100,1151
6269,99,576
6282,106,311
6282,105,521
6282,104,671
6282,103,1101
6282,102,1248
6282,101,1039
6282,100,608
6282,99,972
6412,106,1562
6412,105,1341
6412,104,1154
6412,103,1129
6412,102,802
6412,101,913
6412,100,828
6412,99,547
6422,106,204
6422,105,277
6422,104,231
6422,103,215
6422,102,117
6422,101,129
6422,100,39
6449,106,189
6449,105,205
6449,104,208
6449,103,203
6449,102,118
6449,101,76
6449,100,64
8039,106,735
8039,105,580
8039,104,730
8039,103,882
8039,102,1005
8039,101,620
8039,100,563
8039,99,780
8046,106,-1958
8046,105,-694
8046,104,862
8046,103,1615
8046,102,-836
8046,101,-2064
8046,100,3165
8046,99,2059
8103,106,168
8103,105,244
8103,104,94
8103,103,391
8103,102,275
8103,101,323
8103,100,320
8103,99,321
8213,106,696
8213,105,813
8213,104,1089
8213,103,1579
8213,102,1150
8213,101,1499
8213,100,660
8213,99,816
8249,106,210
8249,105,258
8249,104,294
8249,103,308
8249,102,189
8249,101,149
8249,100,132
8249,99,257
2347,106,6115
2347,105,4877
2347,104,3186
2347,103,5024
2347,102,5274
2347,101,5816
2347,100,7237
2347,99,5449
2414,106,258
2414,105,234
2414,104,224
2414,103,252
2414,102,157
2414,101,207
2414,100,243
2414,99,237
2430,106,272
2430,105,478
2430,104,300
2430,103,111
2430,102,521
2430,101,723
2430,100,1076
2430,99,969
2459,106,443
2459,105,399
2459,104,391
2459,103,469
2459,102,394
2459,101,414
2459,100,443
2459,99,557
3010,106,1410
3010,105,1045
3010,104,1130
3010,103,1278
3010,102,1159
3010,101,981
3010,100,952
3010,99,1410
3028,106,432
3028,105,293
3028,104,338
3028,103,365
3028,102,230
3028,101,321
3028,100,552
3028,99,440
3033,106,631
3033,105,391
3033,104,473
3033,103,506
3033,102,528
3033,101,434
3033,100,667
3033,99,717
3036,106,2520
3036,105,1699
3036,104,1983
3036,103,1837
3036,102,1304
3036,101,1077
3036,100,1440
3036,99,1378
3048,106,364
3048,105,238
3048,104,426
3048,103,453
3048,102,202
3048,101,157
3048,100,61
3048,99,267
3055,106,39
3055,105,139
3055,104,602
3055,103,287
3055,102,-503
3055,101,64
3055,100,99
3055,99,360
3209,106,283
3209,105,250
3209,104,399
3209,103,323
3209,102,202
3209,101,100
3209,100,193
3209,99,233
3312,106,-220
3312,105,59
3312,104,-299
3312,103,88
3312,102,106
3312,101,39
3312,100,140
3312,99,99
3528,106,164
3528,105,166
3528,104,193
3528,103,175
3528,102,146
3528,99,203
3528,98,95
3528,97,93
3702,106,7308
3702,105,5313
3702,104,5420
3702,103,5809
3702,102,4756
3702,101,4466
3702,100,5080
3702,99,4965
5434,106,998
5434,105,1203
5434,104,958
5434,103,860
5434,102,798
5434,101,804
5434,100,952
5434,99,660
6145,106,-2055
6145,105,5
6145,104,148
6145,103,135
6145,102,10
6145,101,208
6145,100,-647
6145,99,-1146
6189,106,351
6189,105,448
6189,104,577
6189,103,623
6189,102,579
6189,101,460
6189,100,454
6189,99,397
6281,106,453
6281,105,494
6281,104,434
6281,103,427
6281,102,416
8070,106,872
8070,105,786
8070,104,1027
8070,103,417
8070,102,441
8070,101,614
8070,100,18
8070,99,855
8112,106,1427
8112,105,1102
8112,104,341
8112,103,302
8112,102,112
8112,101,115
8112,100,252
8112,99,382
2427,106,72
2427,105,50
2427,104,33
2427,103,22
2427,102,-14
2427,101,4
2427,100,49
2427,99,44
2453,106,91
2453,105,66
2453,104,65
2453,103,97
2453,102,95
2453,101,81
2453,100,64
2453,99,59
2468,106,37
2468,105,46
2468,104,57
2468,103,42
2468,102,31
2468,101,7
2468,100,42
2468,99,67
2471,106,32
2471,105,82
2471,104,37
2471,103,62
2471,102,51
2471,101,89
2471,100,71
2471,99,62
2480,106,306
2480,105,300
2480,104,268
2480,103,268
2480,102,267
2480,101,260
2480,100,277
2480,99,276
3029,106,196
3029,105,224
3029,104,183
3029,103,112
3029,102,82
3029,101,78
3029,100,51
3130,106,318
3130,105,398
3130,104,330
3130,103,311
3130,102,241
3130,101,171
3130,100,228
3130,99,261
4994,106,-283
4994,105,-109
4994,104,30
4994,103,351
4994,102,300
4994,101,325
4994,100,302
4994,99,95
5203,106,242
5203,105,303
5203,104,557
5203,103,707
5203,102,708
5203,101,651
5203,100,666
5203,99,829
6112,106,283
6112,105,239
6112,104,225
6112,103,230
6112,102,210
6112,101,205
6112,100,172
6112,99,119
6183,106,254
6183,105,206
6183,104,185
6183,103,197
6183,102,194
6183,101,215
6183,100,168
6183,99,170
6214,106,1178
6214,105,1108
6214,104,564
6214,103,746
6214,102,831
6214,101,298
6214,100,146
6214,99,1042
2312,106,383
2312,105,1176
2312,104,1411
2312,103,2362
2312,102,-4323
2312,101,118
2312,100,31
2312,99,712
2317,106,138734
2317,105,148663
2317,104,146867
2317,103,130535
2317,102,106697
2317,101,94762
2317,100,81591
2317,99,77155
2354,106,9965
2354,105,10721
2354,104,12198
2354,103,9402
2354,102,7028
2354,101,8377
2354,100,8010
2354,99,7610
2359,106,59
2359,105,162
2359,104,369
2359,103,339
2359,102,87
2359,101,18
2359,100,108
2359,99,112
2360,106,2558
2360,105,1720
2360,104,1237
2360,103,1318
2360,102,1205
2360,101,945
2360,100,1523
2360,99,1812
2373,106,1811
2373,105,1251
2373,104,1183
2373,103,1075
2373,102,1190
2373,101,1070
2373,100,1064
2373,99,746
2390,106,-139
2390,105,-49
2390,104,172
2390,103,-75
2390,102,51
2390,101,9
2390,100,-130
2390,99,-158
2404,106,1215
2404,105,1552
2404,104,1245
2404,103,745
2404,102,1123
2404,101,537
2404,100,841
2404,99,1190
2423,106,284
2423,105,255
2423,104,232
2423,103,177
2423,102,122
2423,101,114
2423,100,267
2423,99,200
2433,106,556
2433,105,431
2433,104,530
2433,103,492
2433,102,802
2433,101,451
2433,100,693
2433,99,350
2461,106,155
2461,105,215
2461,104,164
2461,103,91
2461,102,228
2461,101,135
2461,100,-55
2461,99,54
2464,106,421
2464,105,489
2464,104,571
2464,103,381
2464,102,348
2464,101,202
2464,100,361
2464,99,549
2474,106,21843
2474,105,22020
2474,104,25121
2474,103,17877
2474,102,13801
2474,101,10890
2474,100,10677
2474,99,4430
2477,106,355
2477,105,356
2477,104,291
2477,103,-181
2477,102,1094
2477,101,172
2477,100,-307
2477,99,265
2482,106,-70
2482,105,19
2482,104,16
2482,103,-11
2482,102,-11
2482,101,3
2482,100,8
2482,99,21
2488,106,190
2488,105,451
2488,104,238
2488,103,181
2488,102,274
2488,101,62
2488,100,4
2488,99,95
2495,106,117
2495,105,298
2495,104,294
2495,103,188
2495,102,47
2495,101,117
2495,100,320
2495,99,550
2497,106,-91
2497,105,11
2497,104,211
2497,103,536
2497,102,357
2497,101,191
2497,100,169
2497,99,82
3018,106,56
3018,105,15
3018,104,-52
3018,103,33
3018,102,-9
3018,101,13
3018,100,60
3018,99,39
3030,106,595
3030,105,429
3030,104,999
3030,103,1260
3030,102,806
3030,101,1433
3030,100,964
3030,99,906
3043,106,-56
3043,105,-66
3043,104,-72
3043,103,-161
3043,102,-485
3043,101,-1112
3043,100,-1357
3043,99,622
3305,106,91
3305,105,246
3305,104,113
3305,103,306
3305,102,354
3305,101,352
3305,100,514
3305,99,397
3450,106,750
3450,105,1189
3450,104,1146
3450,103,749
3450,102,469
3450,101,231
3450,100,301
3450,99,444
3518,106,-243
3518,105,-416
3518,104,-169
3518,103,-248
3518,102,95
3518,101,-181
3518,100,39
3518,99,349
3617,106,575
3617,105,729
3617,104,600
3617,103,450
3617,102,425
3617,101,395
3617,100,303
3617,99,399
3665,106,1162
3665,105,910
3665,104,760
3665,103,617
3665,102,564
3665,101,308
3665,100,152
3665,99,405
5225,106,125
5225,105,134
5225,104,255
5225,103,265
5225,102,329
5225,101,296
5225,100,163
5225,99,191
6139,106,609
6139,105,616
6139,104,192
6139,103,248
6139,102,391
6139,101,509
6139,100,612
6139,99,613
6192,106,507
6192,105,516
6192,104,577
6192,103,634
6192,102,639
6192,101,673
6192,100,632
6192,99,555
6196,106,653
6196,105,515
6196,104,459
6196,103,385
6196,102,223
6196,101,259
6196,100,384
6196,99,143
6201,106,205
6201,105,302
6201,104,200
6201,103,155
6201,102,103
6201,101,170
6201,100,213
6201,99,203
6215,106,52
6215,105,47
6215,104,26
6215,103,128
6215,102,28
6215,101,0
6215,100,37
6215,99,104
6409,106,1364
6409,105,1428
6409,104,1417
6409,103,995
6409,102,611
6409,101,520
6409,100,280
6409,99,193
8021,106,236
8021,105,246
8021,104,372
8021,103,360
8021,102,280
8021,101,274
8021,100,303
8021,99,276
8201,106,-98
8201,105,-85
8201,104,-245
8201,103,-268
8201,102,-497
8201,101,-492
8201,100,6
8201,99,19
1436,106,239
1436,105,43
1436,104,-38
1436,103,321
1436,102,-11
1436,101,-172
1436,100,1005
1436,99,259
1438,106,-6
1438,105,-7
1438,104,11
1438,103,4
1438,102,30
1438,95,-55
1438,94,-60
1442,106,561
1442,105,551
1442,104,563
1442,103,415
1442,102,1302
1442,101,317
1442,100,713
1442,99,420
1805,106,-2
1805,105,-112
1805,104,114
1805,103,9
1805,102,207
1805,101,65
1805,100,60
1805,99,-90
1808,106,576
1808,105,1036
1808,104,910
1808,103,669
1808,102,56
2501,106,1445
2501,105,3018
2501,104,2327
2501,103,2952
2501,102,1688
2501,101,1687
2501,100,3104
2501,99,1006
2504,106,2811
2504,105,-4690
2504,104,19
2504,103,808
2504,102,931
2504,101,213
2504,100,784
2504,99,1206
2505,106,144
2505,105,7
2505,104,338
2505,103,50
2505,102,1688
2505,101,1274
2505,100,336
2505,99,71
2506,106,12
2506,105,118
2506,104,117
2506,103,325
2506,102,674
2506,101,266
2506,100,940
2506,99,479
2509,106,30
2509,105,-56
2509,104,607
2509,103,-203
2509,102,396
2509,101,230
2509,100,394
2509,99,391
2511,106,1281
2511,105,1609
2511,104,2238
2511,103,2399
2511,102,1653
2511,101,1786
2511,100,2314
2511,99,2131
2515,106,264
2515,105,267
2515,104,523
2515,103,517
2515,102,255
2515,101,389
2515,100,166
2515,99,821
2516,106,-541
2516,105,21
2516,104,122
2516,103,146
2516,102,-35
2516,101,161
2516,100,235
2516,99,475
2520,106,346
2520,105,736
2520,104,574
2520,103,2873
2520,102,1197
2520,101,1027
2520,100,981
2520,99,1687
2524,106,775
2524,105,572
2524,104,234
2524,103,976
2524,102,1564
2527,106,34
2527,105,64
2527,104,702
2527,103,885
2527,102,330
2527,101,250
2527,100,474
2527,99,197
2528,106,-157
2528,105,-19
2528,104,1
2528,103,56
2528,102,161
2528,99,-60
2528,98,155
2528,97,-40
2530,106,-114
2530,105,421
2530,104,695
2530,103,-174
2530,102,-35
2530,101,53
2530,100,263
2530,99,579
2534,106,2608
2534,105,862
2534,104,401
2534,103,-237
2534,102,-145
2535,106,462
2535,105,644
2535,104,326
2535,103,523
2535,102,836
2535,101,525
2535,100,483
2535,99,478
2536,106,783
2536,105,1068
2536,104,1466
2536,103,1139
2536,102,884
2537,106,-52
2537,105,361
2537,104,673
2537,103,283
2537,102,551
2538,106,54
2538,105,-99
2538,104,1710
2538,103,1301
2538,102,896
2538,101,815
2539,106,987
2539,105,976
2539,104,1004
2539,103,1106
2539,102,991
2539,95,-32
2539,94,-252
2540,106,18
2540,105,260
2540,104,215
2540,103,77
2540,102,200
2540,101,-16
2540,100,-15
2540,99,-18
2542,106,1929
2542,105,6349
2542,104,8121
2542,103,10133
2542,102,6407
2542,101,5499
2542,100,6398
2542,99,7005
2543,106,10
2543,105,113
2543,104,118
2543,103,291
2543,102,264
2543,101,24
2543,100,75
2543,99,-241
2545,106,228
2545,105,1968
2545,104,91
2545,103,1836
2545,102,1652
2545,101,4839
2545,100,1372
2545,99,202
2546,106,295
2546,105,204
2546,104,134
2546,103,178
2546,102,178
2546,101,119
2546,100,118
2546,99,269
2547,106,-758
2547,105,-4969
2547,104,-1376
2547,103,-425
2547,102,10139
2547,101,1046
2547,100,2519
2547,99,4176
2548,106,2178
2548,105,2415
2548,104,2652
2548,103,1406
2548,102,3066
2548,101,1686
2548,100,2802
2548,99,2926
2597,106,344
2597,105,607
2597,104,694
2597,103,1131
2597,102,1115
2597,101,289
2597,100,210
2597,99,286
2841,106,475
2841,105,252
2841,104,2040
2841,103,5312
2841,102,2501
2841,101,172
2841,100,546
2841,99,403
2923,106,148
2923,105,2401
2923,104,3473
2923,103,2899
2923,102,3142
2923,101,1469
2923,100,5080
2923,99,955
3052,106,201
3052,105,44
3052,104,143
3052,103,186
3052,102,1253
3052,101,180
3052,100,179
3052,99,179
3056,106,748
3056,105,998
3056,104,728
3056,103,391
3056,102,1320
3056,101,487
3056,100,572
3056,99,-4
3266,106,26
3266,105,41
3266,104,-462
3266,103,1417
3266,102,1807
3266,101,53
3703,106,788
3703,105,529
3703,104,573
3703,103,-979
3703,102,920
3703,101,1147
3703,100,984
3703,99,931
5515,106,171
5515,105,42
5515,104,-174
5515,103,189
5515,102,1077
5515,101,582
5515,100,457
5515,99,567
5519,106,219
5519,105,237
5519,104,255
5519,103,543
5519,102,607
5519,101,492
5519,100,472
5519,99,292
5521,106,-350
5521,105,91
5521,104,83
5521,103,-159
5521,102,96
5521,101,129
5521,100,202
5521,99,228
5522,106,2009
5522,105,3503
5522,104,6467
5522,103,5007
5522,102,6694
5522,101,4809
5522,100,5895
5522,99,6694
5525,106,279
5525,105,60
5525,104,589
5525,103,584
5525,102,621
5525,101,397
5525,100,86
5525,99,355
5531,106,584
5531,105,505
5531,104,223
5531,103,1095
5531,102,2484
5531,101,562
5531,100,962
5531,99,752
5533,106,334
5533,105,269
5533,104,590
5533,103,978
5533,102,752
5533,101,781
5533,100,666
5533,99,716
5534,106,3042
5534,105,2780
5534,104,671
5534,103,1886
5534,102,5063
5534,101,5265
5534,100,2281
5534,99,2672
6177,106,1136
6177,105,369
6177,104,715
6177,103,1523
6177,102,38
6177,101,762
6177,100,259
6177,99,350
9906,106,98
9906,105,49
9906,104,44
9906,103,-58
9906,102,8
9906,101,443
9906,100,142
9906,99,109
9946,106,396
9946,105,402
9946,104,746
9946,103,44
9946,102,1360
9946,101,666
9946,100,327
9946,99,89
2208,106,-5880
2208,105,-1287
2208,104,468
2208,103,451
2208,102,437
2208,101,707
2208,100,1736
2208,99,1705
2603,106,7005
2603,105,-6608
2603,104,-4408
2603,103,1156
2603,102,-1497
2603,101,129
2603,100,-3092
2603,99,15165
2605,106,511
2605,105,600
2605,104,944
2605,103,858
2605,102,1099
2605,101,1625
2605,100,1759
2605,99,2103
2606,106,1000
2606,105,-878
2606,104,824
2606,103,2088
2606,102,1567
2606,101,1804
2606,100,2728
2606,99,6674
2607,106,883
2607,105,811
2607,104,844
2607,103,668
2607,102,581
2607,101,511
2607,100,813
2607,99,1082
2608,106,1185
2608,105,1291
2608,104,1327
2608,103,990
2608,102,883
2608,101,803
2608,100,693
2608,99,592
2609,106,321
2609,105,-14912
2609,104,-7722
2609,103,320
2609,102,-2946
2609,101,51
2609,100,-9399
2609,99,11788
2610,106,2208
2610,105,572
2610,104,5764
2610,103,-749
2610,102,-1274
2610,101,59
2610,100,-1954
2610,99,10622
2611,106,10
2611,105,-66
2611,104,36
2611,103,70
2611,102,21
2611,101,883
2611,100,-130
2611,99,11
2612,106,98
2612,105,48
2612,104,333
2612,103,333
2612,102,397
2612,101,573
2612,100,1004
2612,99,1932
2613,106,58
2613,105,46
2613,104,22
2613,103,112
2613,102,80
2613,101,48
2613,100,108
2613,99,80
2615,106,2542
2615,105,1142
2615,104,3943
2615,103,5254
2615,102,2129
2615,101,1828
2615,100,20
2615,99,5448
2617,106,466
2617,105,-91
2617,104,94
2617,103,306
2617,102,542
2617,101,630
2617,100,1169
2617,99,1400
2618,106,5752
2618,105,3476
2618,104,6436
2618,103,-1307
2618,102,747
2618,101,504
2618,100,209
2618,99,12017
2630,106,123
2630,105,196
2630,104,38
2630,103,122
2630,102,33
2630,101,100
2630,100,153
2630,99,10
2633,106,5340
2633,105,4149
2633,104,20873
2633,103,5534
2633,102,3289
2634,106,1748
2634,105,2083
2634,104,2029
2634,103,1872
2634,102,1276
2636,106,240
2636,105,130
2636,104,294
2636,103,200
2636,102,104
2636,101,68
2636,100,142
2636,99,150
2637,106,418
2637,105,1400
2637,104,2245
2637,103,1767
2637,102,1439
2637,101,2100
2637,100,2008
2637,99,1128
2642,106,118
2642,105,83
2642,104,101
2642,103,156
2642,102,185
2642,101,243
2642,100,215
2642,99,153
5607,106,269
5607,105,186
5607,104,164
5607,103,226
5607,102,184
5607,101,92
5607,100,10
5607,99,-13
5608,106,-2034
5608,105,-1093
5608,104,-50
5608,103,225
5608,102,354
5608,101,657
5608,100,908
5608,99,1135
2701,106,400
2701,105,360
2701,104,328
2701,103,280
2701,102,206
2702,106,-2
2702,105,61
2702,104,57
2702,103,63
2702,102,38
2702,101,71
2702,100,74
2702,99,73
2704,106,443
2704,105,426
2704,104,417
2704,103,410
2704,102,356
2704,101,283
2704,100,428
2704,99,251
2705,106,-1029
2705,105,-358
2705,104,116
2705,103,67
2705,102,-139
2705,101,-105
2705,100,567
2705,99,121
2706,106,555
2706,105,502
2706,104,458
2706,103,396
2706,102,303
2707,106,1060
2707,105,954
2707,104,1135
2707,103,1123
2707,102,1133
2707,101,1086
2707,100,967
2707,99,893
2712,106,16
2712,105,62
2712,104,89
2712,103,98
2712,102,65
2722,106,94
2722,105,140
2722,104,163
2722,103,172
2722,102,142
2723,106,2138
2723,105,1741
2723,104,1139
2723,103,528
2723,102,574
2723,101,977
2723,100,1121
2723,99,827
2727,106,463
2727,105,323
2727,104,35
2727,103,703
2727,102,1020
2727,101,1050
2727,100,773
2731,106,455
2731,105,248
2731,104,450
2731,103,384
2731,102,372
2731,101,136
2731,100,89
2731,99,125
2739,106,119
2739,105,283
2739,104,303
2739,103,284
2739,102,322
2748,106,228
2748,105,193
2748,104,181
2748,103,136
2748,102,0
5706,106,158
5706,105,163
5706,104,199
5706,103,125
5706,102,185
5706,101,229
5706,100,178
5706,99,214
8940,106,-25
8940,105,31
8940,104,7
8940,103,-78
8940,102,-37
8940,101,96
8940,100,139
8940,99,64
9943,106,699
9943,105,695
9943,104,1000
9943,103,648
9943,102,396
9943,101,589
9943,100,711
9943,99,350
2801,106,26130
2801,105,24946
2801,104,25822
2801,103,24949
2801,102,20989
2801,101,21274
2801,100,20686
2801,99,19109
2809,106,7892
2809,105,6904
2809,104,5890
2809,103,7412
2809,102,5985
2809,101,5252
2809,100,4194
2809,99,2944
2812,106,8247
2812,105,7830
2812,104,8253
2812,103,8178
2812,102,7144
2812,101,6472
2812,100,4405
2812,99,2603
2816,106,0
2816,105,0
2816,104,0
2816,103,0
2816,102,0
2820,106,2447
2820,105,2683
2820,104,2818
2820,103,2605
2820,102,2741
2823,106,0
2823,105,0
2823,104,0
2823,103,0
2823,102,0
2832,106,0
2832,105,0
2832,104,0
2832,103,0
2832,102,0
2832,100,0
2832,99,N/A
2832,98,N/A
2834,106,15228
2834,105,15554
2834,104,16581
2834,103,15955
2834,102,13556
2836,106,2353
2836,105,2584
2836,104,2952
2836,103,2655
2836,102,2369
2836,101,2325
2836,100,1341
2836,99,1520
2838,106,7064
2838,105,7021
2838,104,7854
2838,103,7468
2838,102,6807
2838,101,6546
2838,100,5187
2838,99,4376
2845,106,7921
2845,105,7661
2845,104,10805
2845,103,11174
2845,102,9943
2845,101,8488
2845,100,6723
2845,99,6125
2849,106,4740
2849,105,4477
2849,104,7364
2849,103,7152
2849,102,6927
2849,101,8557
2849,100,6358
2849,99,5779
2850,106,0
2850,105,0
2850,104,0
2850,103,0
2850,102,0
2851,106,0
2851,105,0
2851,104,0
2851,103,0
2851,102,0
2852,106,0
2852,105,0
2852,104,0
2852,103,0
2852,102,0
2855,106,0
2855,105,0
2855,104,0
2855,103,0
2855,102,0
2855,101,29
2855,100,36
2855,99,42
2856,106,0
2856,105,0
2856,104,0
2856,103,0
2856,102,0
2856,101,51
2856,100,27
2856,99,41
2867,106,0
2867,105,0
2867,104,0
2867,103,0
2867,102,0
2880,106,12015
2880,105,14087
2880,104,14081
2880,103,13131
2880,102,10051
2880,101,8871
2880,100,8544
2880,99,6081
2881,106,54122
2881,105,48421
2881,104,63593
2881,103,60244
2881,102,38514
2881,101,28983
2881,100,30543
2881,99,19905
2882,106,56307
2882,105,47619
2882,104,57514
2882,103,49369
2882,102,37816
2882,101,17002
2882,100,11129
2882,99,4575
2883,106,11695
2883,105,5923
2883,104,8528
2883,103,10752
2883,102,8304
2883,101,5025
2883,100,1627
2883,99,8554
2884,106,14757
2884,105,13135
2884,104,12816
2884,103,10538
2884,102,8416
2884,101,7058
2884,100,3484
2884,99,3923
2885,106,16205
2885,105,13414
2885,104,10818
2885,103,16474
2885,102,7710
2885,101,6130
2885,100,13382
2885,99,8160
2886,106,25735
2886,105,22456
2886,104,29417
2886,103,30279
2886,102,22489
2886,101,21533
2886,100,17680
2886,99,15111
2887,106,13061
2887,105,11399
2887,104,13223
2887,103,1624
2887,102,13836
2887,101,10262
2887,100,9432
2887,99,7723
2888,106,10531
2888,105,4810
2888,104,5780
2888,103,6811
2888,102,9986
2888,101,9812
2888,100,5493
2888,99,2236
2889,106,2371
2889,105,2110
2889,104,1563
2889,103,1733
2889,102,1350
2889,101,1416
2889,100,1531
2889,99,2195
2890,106,9085
2890,105,8283
2890,104,10857
2890,103,13018
2890,102,10791
2890,101,9543
2890,100,3069
2890,99,5109
2891,106,37222
2891,105,27929
2891,104,35398
2891,103,39437
2891,102,21503
2891,101,21182
2891,100,18290
2891,99,14134
2892,106,15483
2892,105,17356
2892,104,16006
2892,103,14085
2892,102,10889
2892,101,10174
2892,100,7602
2892,99,7032
2897,106,6428
2897,105,6299
2897,104,6568
2897,103,6238
2897,102,5310
2897,101,3990
2897,100,6225
2897,99,4316
5880,106,14318
5880,105,13765
5880,104,13079
5880,103,10237
5880,102,8497
5880,101,7561
5880,100,263
5880,99,7539
6005,106,0
6005,105,0
6005,104,0
6005,103,0
6005,102,0
6005,101,63
6005,100,78
6005,99,51
6024,106,0
6024,105,0
6024,104,0
6024,103,0
6024,102,0
6024,101,0
6024,99,0
6024,98,0
1432,106,-142
1432,105,-142
1432,104,-120
1432,103,-142
1432,102,-114
1432,101,578
1432,100,30
1432,99,809
2601,106,565
2601,105,-1086
2601,104,-1488
2601,103,-20
2601,102,-291
2601,101,486
2601,100,546
2601,99,1050
2614,106,2529
2614,105,242
2614,104,-2157
2614,103,-3590
2614,102,-226
2614,101,-3886
2614,100,-1963
2614,99,-892
2901,106,34
2901,105,31
2901,104,40
2901,103,36
2901,102,36
2903,106,1536
2903,105,1134
2903,104,1715
2903,103,1524
2903,102,2186
2903,101,1693
2903,100,2143
2903,99,2567
2905,106,1641
2905,105,2050
2905,104,1475
2905,103,1260
2905,102,919
2905,101,1212
2905,100,1088
2905,99,1121
2906,106,39
2906,105,97
2906,104,105
2906,103,203
2906,102,101
2906,101,96
2906,100,363
2906,99,164
2908,106,823
2908,105,676
2908,104,671
2908,103,706
2908,102,635
2908,101,690
2908,100,636
2908,99,487
2910,106,26
2910,105,37
2910,104,81
2910,103,171
2910,102,100
2910,101,126
2910,100,122
2910,99,147
2911,106,426
2911,105,-21
2911,104,-66
2911,103,-105
2911,102,-72
2911,101,163
2911,100,276
2911,99,327
2912,106,31017
2912,105,9837
2912,104,8239
2912,103,9090
2912,102,8037
2912,101,6789
2912,100,6352
2912,99,5726
2913,106,622
2913,105,310
2913,104,760
2913,103,833
2913,102,1023
2913,101,945
2913,100,208
2913,99,182
2915,106,13448
2915,105,7455
2915,104,7607
2915,103,7113
2915,102,43587
2915,101,3423
2915,100,2425
2915,99,1085
2929,106,913
2929,105,735
2929,104,836
2929,103,754
2929,102,574
2929,101,370
2929,100,302
2929,99,221
2936,106,29
2936,105,349
2936,104,178
2936,103,163
2936,102,174
2936,101,95
2936,100,N/A
2939,106,857
2939,105,608
2939,104,199
2939,103,197
4807,106,127
4807,105,189
4807,104,189
4807,103,73
4807,102,46
5906,106,2
5906,105,-137
5906,104,-465
5906,103,-556
5906,102,-660
5906,101,-276
5906,100,53
5906,99,133
5907,106,342
5907,105,310
5907,104,322
5907,103,1073
5907,102,986
5907,101,973
5907,100,841
5907,99,475
8429,106,405
8429,105,969
8429,104,990
8429,103,1012
8429,102,954
8429,101,922
8429,100,517
8429,99,675
8443,106,-58
8443,105,15
8443,104,93
8443,103,127
8443,102,73
8443,101,204
8443,100,248
8443,99,341
8454,106,1270
8454,105,1183
8454,104,1061
8454,103,1170
8454,102,562
8454,101,558
8454,100,696
8454,99,1041
2616,106,542
2616,105,355
2616,104,212
2616,103,226
2616,102,249
2616,101,273
2616,100,203
2616,99,221
6505,106,80170
6505,105,75764
6505,104,47302
6505,103,9066
6505,102,26858
6505,101,2719
6505,100,22499
6505,99,40923
8926,106,972
8926,105,949
8926,104,1062
8926,103,1728
8926,102,766
8926,101,529
8926,100,1038
8926,99,924
9908,106,774
9908,105,710
9908,104,605
9908,103,657
9908,102,624
9908,101,605
9908,100,589
9908,99,723
9918,106,251
9918,105,222
9918,104,245
9918,103,183
9918,102,215
9918,101,308
9918,100,256
9918,99,293
9926,106,362
9926,105,305
9926,104,319
9926,103,266
9926,102,215
9926,101,304
9926,100,274
9926,99,310
9931,106,173
9931,105,186
9931,104,162
9931,103,161
9931,102,224
9931,101,187
9931,100,140
9931,99,166
9937,106,687
9937,105,706
9937,104,493
9937,103,329
9937,102,375
9937,95,689
9937,94,452
1262,106,765
1262,105,1825
1262,104,1560
1262,103,1538
1262,102,1132
1262,101,954
1262,100,552
1262,99,212
1435,106,1
1435,105,-6
1435,104,-4
1435,103,-2
1435,102,-11
1435,101,1
1435,100,-4
1435,99,330
1516,106,17
1516,105,24
1516,104,67
1516,103,33
1516,102,4
1516,98,-73
1516,97,-464
1516,96,-169
2062,106,218
2062,105,746
2062,104,624
2062,103,622
2062,102,905
2062,101,327
2062,100,411
2062,99,650
2348,106,183
2348,105,11
2348,104,91
2348,103,353
2348,102,338
2358,106,34
2358,105,-154
2358,104,-191
2358,103,-36
2358,102,-131
2358,101,-23
2358,100,-23
2358,99,28
2514,106,1210
2514,105,393
2514,104,240
2514,103,502
2514,102,258
2514,101,638
2514,100,7
2514,99,792
2904,106,96
2904,105,105
2904,104,155
2904,103,153
2904,102,152
2904,101,200
2904,100,309
2904,99,90
3040,106,697
3040,105,154
3040,104,139
3040,103,564
3040,102,31
3040,101,54
3040,100,29
3040,99,32
4536,106,483
4536,105,779
4536,104,611
4536,103,551
4536,102,529
4536,101,451
4536,100,506
4536,99,399
5284,106,205
5284,105,161
5284,104,175
5284,103,137
5284,102,106
5284,101,80
5284,100,75
5871,106,9657
5871,105,7243
5871,104,6863
5871,103,6825
5871,102,5883
5871,101,4141
5871,100,2448
5871,99,2127
6184,106,351
6184,105,-186
6184,104,306
6184,103,328
6184,102,257
6184,101,313
6464,106,636
6464,105,734
6464,104,857
6464,103,941
6464,102,843
6464,101,956
6504,106,541
6504,105,582
6504,104,581
6504,103,420
6504,102,377
6504,101,197
6504,100,139
6504,99,5
6581,106,764
6581,105,515
6581,104,314
6581,103,455
6581,102,80
6625,106,42
6625,105,38
6625,104,17
6625,103,38
8033,106,-89
8033,105,-195
8033,104,-190
8033,103,-159
8033,102,20
8033,101,-167
8033,100,-86
8033,99,-189
8341,106,784
8341,105,614
8341,104,514
8341,103,304
8341,102,264
8341,101,89
8341,100,84
8341,99,61
8404,106,439
8404,105,482
8404,104,507
8404,103,376
8404,102,294
8404,101,232
8404,100,291
8404,99,319
8411,106,280
8411,105,450
8411,104,228
8411,103,212
8411,102,715
8411,101,444
8411,100,347
8411,99,558
8422,106,1363
8422,105,1441
8422,104,1232
8422,103,1026
8422,102,1248
8422,101,1456
8422,100,1317
8422,99,509
8427,106,45
8427,105,851
8427,104,452
8427,103,-19
8427,102,231
8427,101,435
8427,100,724
8427,99,872
8442,106,-39
8442,105,113
8442,104,240
8442,103,173
8442,102,18
8463,106,142
8463,105,191
8463,104,187
8463,103,377
8463,102,157
8464,106,3595
8464,105,3689
8464,104,2641
8464,103,1906
8464,102,1517
8464,101,1250
8464,100,778
8466,106,495
8466,105,570
8466,104,437
8466,103,341
8466,102,433
8467,106,49
8467,105,93
8467,104,189
8467,103,281
8467,102,169
8467,101,120
8473,106,412
8473,105,488
8473,104,344
8473,103,301
8473,102,227
8473,101,63
8478,106,274
8478,105,542
8478,104,282
8478,103,56
8478,102,34
8480,106,254
8480,105,288
8480,104,243
8480,103,168
8480,102,147
8481,106,222
8481,105,176
8481,104,250
8481,103,252
8481,102,303
8488,106,105
8488,105,271
8488,104,34
8488,103,264
8488,102,299
8497,106,93
8497,105,97
8497,104,49
8497,103,23
8497,102,31
8499,106,328
8499,105,306
8499,104,293
8499,103,314
9802,106,803
9802,105,702
9802,104,115
9802,103,387
9802,102,266
9802,101,285
9802,100,469
9802,99,423
9902,106,1
9902,105,4
9902,104,11
9902,103,13
9902,102,154
9902,101,5
9902,100,-12
9902,99,119
9904,106,12922
9904,105,13057
9904,104,9531
9904,103,8616
9904,102,10619
9904,101,10156
9904,100,5807
9904,99,7896
9905,106,587
9905,105,587
9905,104,690
9905,103,781
9905,102,878
9905,101,828
9905,100,757
9905,99,661
9907,106,600
9907,105,1069
9907,104,590
9907,103,776
9907,102,1256
9907,101,272
9907,100,984
9907,99,2159
9910,106,4395
9910,105,4453
9910,104,4238
9910,103,3087
9910,102,2294
9910,101,1679
9910,100,1432
9910,99,1548
9911,106,720
9911,105,701
9911,104,517
9911,103,539
9911,102,478
9911,101,276
9911,100,319
9911,99,408
9914,106,797
9914,105,1919
9914,104,3040
9914,103,3350
9914,102,2907
9914,101,2326
9914,100,1815
9914,99,1249
9917,106,2206
9917,105,615
9917,104,2062
9917,103,2034
9917,102,1946
9917,101,1879
9917,100,1740
9917,99,1703
9919,106,114
9919,105,-443
9919,104,41
9919,103,60
9919,102,32
9919,101,59
9919,100,123
9919,99,197
9921,106,2054
9921,105,3065
9921,104,3843
9921,103,4112
9921,102,3505
9921,101,3009
9921,100,3015
9921,99,2581
9924,106,550
9924,105,820
9924,104,796
9924,103,508
9924,102,581
9924,101,386
9924,100,319
9924,99,347
9925,106,940
9925,105,974
9925,104,1072
9925,103,1034
9925,102,1023
9925,101,968
9925,100,896
9925,99,806
9927,106,1001
9927,105,795
9927,104,502
9927,103,744
9927,102,711
9927,101,559
9927,100,369
9927,99,650
9928,106,-259
9928,105,-278
9928,104,-297
9928,103,-234
9928,102,-162
9928,101,-100
9928,100,-56
9928,99,130
9929,106,3
9929,105,135
9929,104,-314
9929,103,-138
9929,102,-158
9929,101,-69
9929,100,-72
9929,99,-73
9930,106,761
9930,105,613
9930,104,902
9930,103,1032
9930,102,885
9930,101,669
9930,100,667
9930,99,583
9933,106,2805
9933,105,2223
9933,104,2041
9933,103,2092
9933,102,1642
9933,101,2392
9933,100,2263
9933,99,1961
9934,106,698
9934,105,-463
9934,104,503
9934,103,154
9934,102,1922
9934,101,-233
9934,100,308
9934,99,802
9935,106,194
9935,105,64
9935,104,70
9935,103,66
9935,102,-467
9935,101,-60
9935,100,11
9935,99,-929
9938,106,1620
9938,105,1490
9938,104,1140
9938,103,980
9938,102,705
9938,101,454
9938,100,584
9938,99,1178
9939,106,1231
9939,105,1178
9939,104,949
9939,103,966
9939,102,1110
9939,101,1151
9939,100,1238
9939,99,1258
9940,106,2803
9940,105,920
9940,104,564
9940,103,1072
9940,102,2475
9940,101,1351
9940,100,1309
9940,99,1979
9941,106,2324
9941,105,1733
9941,104,1425
9941,103,1514
9941,102,1364
9941,101,1164
9941,100,982
9941,99,1070
9942,106,526
9942,105,487
9942,104,423
9942,103,525
9942,102,504
9942,101,360
9942,100,409
9942,99,459
9944,106,48
9944,105,73
9944,104,66
9944,103,116
9944,102,105
9944,101,6
9944,100,53
9944,99,144
9945,106,11165
9945,105,7941
9945,104,7999
9945,103,6569
9945,102,30593
9945,101,3379
9945,100,2684
9945,99,1047
9955,106,-87
9955,105,-126
9955,104,-127
9955,103,37
9955,102,-63
9955,101,49
9955,100,-27
9955,99,247
