1258,106,46
1258,105,136
1258,104,129
1258,103,93
1258,102,58
1258,101,80
1258,100,99
1258,99,141
1264,106,452
1264,105,446
1264,104,399
1264,103,320
1264,102,281
1264,101,236
1264,100,221
1796,106,28
1796,105,94
1796,104,54
1796,103,-19
1796,102,6
1796,101,-8
1796,100,-14
4205,106,265
4205,105,225
4205,104,182
4205,103,138
4205,102,135
4205,96,115
4205,95,114
4205,94,102
4207,106,200
4207,105,169
4207,104,9
4207,103,60
4207,102,220
4207,101,201
4207,100,37
4207,99,63
4712,106,-42
4712,105,-70
4712,104,-120
4712,103,-209
4712,102,-385
4712,101,165
4712,100,190
4712,99,-71
4303,106,1228
4303,105,14
4303,104,55
4303,103,69
4303,102,33
4303,101,-8
4303,100,-33
4303,99,-23
4304,106,-89
4304,105,-40
4304,104,-82
4304,103,-122
4304,102,-106
4304,101,-34
4304,100,-61
4304,99,4
4305,106,137
4305,105,165
4305,104,163
4305,103,129
4305,102,140
8354,106,119
8354,105,59
8354,104,75
8354,103,100
8354,102,178
8354,101,166
8354,100,136
8354,99,0
9950,106,-254
9950,105,30
9950,104,61
9950,103,80
9950,102,56
9950,101,53
9950,100,59
9950,99,63
4401,106,509
4401,105,525
4401,104,547
4401,103,440
4401,102,639
4401,101,283
4401,100,424
4401,99,389
4402,106,-48
4402,105,52
4402,104,-206
4402,103,-131
4402,102,-155
4402,101,-140
4406,106,-2
4406,105,10
4406,104,1
4406,103,-17
4406,102,-22
4413,106,21
4413,105,-8
4413,104,7
4413,103,-15
4413,102,-28
4413,96,-83
4413,95,-39
4413,94,-383
4417,106,235
4417,105,388
4417,104,283
4417,103,194
4417,102,139
4417,101,335
4417,100,111
4417,99,153
4419,106,48
4419,105,-35
4419,104,-79
4419,103,-58
4419,102,-90
4420,106,60
4420,105,23
4420,104,98
4420,103,30
4420,102,2
4429,106,-65
4429,105,8
4429,104,15
4429,103,20
4429,102,31
4432,106,59
4432,105,152
4432,104,260
4432,103,267
4432,102,202
4432,101,173
4432,100,138
4432,99,67
4433,106,10
4433,105,32
4433,104,70
4433,103,34
4433,102,66
4433,101,46
4433,100,38
4433,99,-21
1566,106,69
1566,105,70
1566,104,145
1566,103,26
1566,102,2
1566,101,17
1566,100,18
1566,99,33
1570,106,76
1570,105,64
1570,104,86
1570,103,77
1570,102,82
1570,101,-1
1570,100,-42
1570,99,-39
1580,106,534
1580,105,547
1580,104,472
1580,103,530
1580,102,496
1580,101,400
1580,100,403
1580,99,370
1586,106,30
1586,105,-37
1586,104,-12
1586,103,56
1586,102,36
1586,101,8
1586,100,30
1586,99,117
1591,106,2
1591,105,60
1591,104,39
1591,103,41
1591,102,47
1591,101,60
1591,100,39
1591,99,21
1597,106,238
1597,105,86
1597,104,71
1597,103,21
1597,102,59
1597,101,71
1597,100,277
1597,99,88
1599,106,147
1599,105,246
1599,104,308
1599,103,67
1599,102,118
1599,101,148
1599,100,107
1599,99,45
2066,106,171
2066,105,220
2066,104,257
2066,103,235
2066,102,173
2067,106,-52
2067,105,-30
2067,104,-85
2067,103,30
2067,102,29
2067,101,36
2067,100,46
2230,106,-18
2230,105,1
2230,104,17
2230,103,27
2230,102,14
2230,101,28
2230,100,39
2230,99,14
2233,106,396
2233,105,342
2233,104,250
2233,103,276
2233,102,286
2233,101,186
2233,100,188
2233,99,172
2235,106,111
2235,105,180
2235,104,198
2235,103,153
2235,102,107
3162,106,-141
3162,105,-186
3162,104,-8
3162,103,-21
3162,102,-65
3162,101,4
3162,100,7
3162,99,17
3226,106,141
3226,105,167
3226,104,201
3226,103,131
3226,102,25
3226,101,-57
3226,100,-22
3226,99,-78
3379,106,-15
3379,105,-21
3379,104,-10
3379,103,51
3379,102,41
3379,101,134
3379,100,195
3379,99,78
3426,106,104
3426,105,84
3426,104,62
3426,103,56
3426,102,55
3426,96,19
3426,95,33
3426,94,27
4502,106,173
4502,105,32
4502,104,7
4502,103,-93
4502,102,-143
4502,101,-89
4502,100,14
4502,99,244
4503,106,40
4503,105,13
4503,104,-3
4503,103,-23
4503,102,-23
4503,94,N/A
4506,106,831
4506,105,624
4506,104,487
4506,103,358
4506,102,310
4506,101,295
4506,100,240
4506,99,207
4510,106,66
4510,105,74
4510,104,121
4510,103,170
4510,102,134
4510,101,19
4510,100,65
4510,99,91
4513,106,21
4513,105,-70
4513,104,125
4513,103,26
4513,102,-46
4513,101,24
4513,100,83
4513,99,-41
4523,106,-119
4523,105,0
4523,104,-1
4523,103,35
4523,102,40
4523,101,20
4523,100,151
4523,99,126
4527,106,190
4527,105,229
4527,104,185
4527,103,178
4527,102,158
4527,101,121
4527,100,84
4527,99,27
4528,106,368
4528,105,235
4528,104,272
4528,103,222
4528,102,168
4528,101,137
4528,100,151
4528,99,111
4530,106,-25
4530,105,146
4530,104,-75
4530,103,-60
4530,102,-122
4530,101,-196
4530,100,-21
4530,99,-244
4533,106,72
4533,105,169
4533,104,89
4533,103,187
4533,102,196
4533,101,122
4533,100,178
4533,99,110
4534,106,67
4534,105,152
4534,104,46
4534,103,75
4534,102,71
4534,101,-56
4534,100,-40
4534,99,76
4535,106,226
4535,105,248
4535,104,252
4535,103,224
4535,102,221
4535,101,211
4535,100,325
4535,99,254
4543,106,-14
4543,105,61
4543,104,106
4543,103,177
4543,102,123
4543,101,100
4549,106,196
4549,105,167
4549,104,132
4549,103,193
4549,102,164
4549,101,163
4549,100,125
4550,106,51
4550,105,80
4550,104,43
4550,103,67
4550,102,87
4550,101,96
4550,100,74
6122,106,17
6122,105,-14
6122,104,-14
6122,103,21
6122,102,-31
6122,101,71
6122,100,99
6122,99,146
6603,106,165
6603,105,109
6603,104,24
6603,103,82
6603,102,50
6603,101,37
6603,100,131
6603,99,165
6609,106,138
6609,105,72
6609,104,196
6609,103,305
6609,102,206
6609,101,131
6609,100,148
6609,99,131
8027,106,-87
8027,105,-128
8027,104,0
8027,103,117
8027,102,25
8027,101,83
8027,100,15
8027,99,96
8083,106,302
8083,105,366
8083,104,312
8083,103,308
8083,102,204
8107,106,792
8107,105,-21
8107,104,78
8107,103,121
8107,102,-1403
8107,101,-177
8107,100,-26
8107,99,172
8255,106,533
8255,105,562
8255,104,607
8255,103,589
8255,102,594
8255,101,331
8255,100,402
8255,99,327
9951,106,662
9951,105,743
9951,104,657
9951,103,585
9951,102,527
9951,101,322
9951,100,292
9951,99,199
2061,106,31
2061,105,5
2061,104,-93
2061,103,-34
2061,102,-55
2061,101,-26
2061,100,-10
2061,99,52
4609,106,-66
4609,105,1
4609,104,-19
4609,103,-34
4609,102,-22
4609,101,-48
4609,100,-21
4609,99,97
1742,106,9
1742,105,-154
1742,104,-123
1742,103,-62
1742,102,-28
1742,101,15
1742,100,19
1742,99,226
1787,106,134
1787,105,126
1787,104,123
1787,103,118
1787,102,86
1787,101,44
1787,100,18
1787,99,87
4702,106,-699
4702,105,-910
4702,104,71
4702,103,101
4702,102,-3
4702,101,-15
4702,100,-241
4702,99,-23
4706,106,129
4706,105,167
4706,104,107
4706,103,77
4706,102,101
4706,101,82
4706,100,102
4706,99,112
4707,106,152
4707,105,238
4707,104,202
4707,103,42
4707,102,72
4707,101,74
4707,100,88
4707,99,56
4711,106,59
4711,105,108
4711,104,44
4711,103,28
4711,102,39
4711,101,46
4711,100,63
4711,99,96
4714,106,-8
4714,105,30
4714,104,16
4714,103,15
4714,102,36
4714,101,3
4714,100,46
4714,99,61
4716,106,19
4716,105,34
4716,104,42
4716,103,37
4716,102,45
4716,101,68
4716,100,77
4716,99,63
4721,106,208
4721,105,142
4721,104,116
4721,103,114
4721,102,81
4721,101,63
4721,100,133
4721,99,199
4741,106,86
4741,105,104
4741,104,138
4741,103,146
4741,102,111
4741,101,97
4741,100,47
4741,99,66
4754,106,46
4754,105,47
4754,104,36
4754,103,20
4754,102,18
6506,106,121
6506,105,201
6506,104,112
6506,103,71
6506,102,48
6506,101,21
6506,100,23
6506,99,69
6509,106,71
6509,105,93
6509,104,160
6509,103,71
6509,102,124
6509,101,82
6509,100,39
6509,99,38
1565,106,1589
1565,105,1778
1565,104,1456
1565,103,1573
1565,102,1598
1565,101,1204
1565,100,1067
1565,99,872
1593,106,114
1593,105,100
1593,104,96
1593,103,63
1593,102,48
1593,101,42
1593,100,42
1593,99,44
1752,106,186
1752,105,225
1752,104,199
1752,103,67
1752,102,-8
1752,95,84
1752,94,86
1777,106,60
1777,105,158
1777,104,156
1777,103,128
1777,102,78
1781,106,-68
1781,105,-75
1781,104,-62
1781,103,-53
1781,102,27
1781,101,81
1781,100,-30
1781,99,81
1784,106,-6
1784,105,-9
1784,104,23
1784,103,44
1784,102,52
1784,101,63
1784,100,23
1784,99,-39
1788,106,251
1788,105,208
1788,104,217
1788,103,220
1788,102,219
1788,101,188
1788,100,142
1788,99,140
1795,106,8
1795,105,-134
1795,104,104
1795,103,-442
1795,102,-143
1795,101,-193
1795,100,-38
1795,99,15
1799,106,-292
1799,105,-255
1799,104,-145
1799,103,-101
1799,102,-166
1799,101,-114
1799,100,-84
1799,99,-5
1813,106,2
1813,105,50
1813,104,99
1813,103,98
1813,102,97
1813,101,138
1813,100,75
1813,99,57
3118,106,68
3118,105,63
3118,104,78
3118,103,77
3118,102,65
3176,106,-467
3176,105,-568
3176,104,-541
3176,103,-702
3176,102,-364
3176,101,269
3176,100,-192
3176,99,-108
3205,106,-114
3205,105,268
3205,104,301
3205,103,10
3205,102,1
3205,101,11
3205,100,-47
3205,99,-34
3218,106,120
3218,105,92
3218,104,81
3218,103,102
3218,102,86
3218,101,-88
3218,100,28
3218,99,-43
4102,106,-25
4102,105,-68
4102,104,-28
4102,103,-66
4102,102,-67
4103,106,554
4103,105,608
4103,104,648
4103,103,620
4103,102,634
4103,101,557
4103,100,469
4103,99,430
4105,106,1345
4105,105,1193
4105,104,1211
4105,103,780
4105,102,587
4105,101,542
4105,100,522
4105,99,365
4107,106,304
4107,105,358
4107,104,316
4107,103,291
4107,102,215
4107,101,166
4107,100,129
4107,99,173
4109,106,-232
4109,105,12
4109,104,38
4109,103,20
4109,102,22
4109,101,29
4109,100,18
4109,99,9
4111,106,82
4111,105,73
4111,104,39
4111,103,73
4111,102,96
4111,101,71
4111,100,25
4111,99,31
4114,106,5
4114,105,165
4114,104,32
4114,103,110
4114,102,63
4114,101,92
4114,100,-23
4114,99,32
4116,106,47
4116,105,46
4116,104,118
4116,103,78
4116,102,42
4116,101,29
4116,100,27
4116,99,77
4120,106,459
4120,105,470
4120,104,223
4120,103,196
4120,102,507
4120,101,242
4120,100,181
4120,99,278
4121,106,28
4121,105,20
4121,104,-28
4121,103,-3
4121,102,13
4121,101,25
4121,100,31
4121,99,107
4123,106,250
4123,105,19
4123,104,422
4123,103,333
4123,102,52
4123,101,100
4123,100,43
4123,99,13
4126,106,237
4126,105,333
4126,104,351
4126,103,327
4126,102,322
4126,100,N/A
4126,97,131
4126,96,117
4127,106,-203
4127,105,-53
4127,104,49
4127,103,61
4127,102,49
4127,101,37
4127,100,-3
4127,99,-26
4128,106,543
4128,105,-268
4128,104,-194
4128,103,-140
4128,102,-129
4128,101,-33
4128,100,280
4128,99,413
4129,106,130
4129,105,147
4129,104,134
4129,103,82
4129,102,21
4129,101,35
4129,100,58
4129,99,35
4130,106,149
4130,105,39
4130,104,46
4130,103,73
4130,102,46
4130,99,36
4130,98,17
4130,97,10
4131,106,-21
4131,105,-28
4131,104,-17
4131,103,-22
4131,102,-45
4138,106,113
4138,105,118
4138,104,121
4138,103,106
4138,102,41
4138,101,113
4138,100,155
4138,99,126
4139,106,42
4139,105,-62
4139,104,-59
4139,103,6
4139,102,5
4139,101,35
4139,100,28
4139,99,30
4147,106,-525
4147,105,-282
4147,104,-472
4147,103,-282
4147,102,-252
4147,101,-207
4147,100,-205
4147,99,-238
4152,106,-874
4152,105,-824
4152,104,-676
4152,103,-633
4152,102,-401
4152,101,-187
4152,100,-217
4152,99,-190
4153,106,-267
4153,105,-87
4153,104,150
4153,103,124
4153,102,65
4154,106,-38
4154,105,13
4154,104,-22
4154,103,23
4154,102,12
4154,101,72
4154,100,59
4154,99,75
4157,106,746
4157,105,-250
4157,104,-413
4157,103,-404
4157,102,-432
4157,101,-468
4157,100,43
4157,99,-2286
4160,106,11
4160,105,-8
4160,104,-13
4160,103,-42
4160,102,-33
4160,101,-18
4160,100,15
4160,99,6
4161,106,-34
4161,105,8
4161,104,28
4161,103,30
4161,102,79
4161,101,6
4161,100,5
4161,99,19
4162,106,387
4162,105,690
4162,104,394
4162,103,124
4162,102,-118
4163,106,152
4163,105,352
4163,104,294
4163,103,316
4163,102,243
4163,101,175
4163,100,114
4163,99,95
4167,106,22
4167,105,-208
4167,104,-494
4167,103,-356
4167,102,-229
4168,106,-145
4168,105,-97
4168,104,-77
4168,103,-41
4168,102,-21
4173,106,5
4173,105,27
4173,104,25
4173,103,35
4173,102,57
4173,101,50
4173,100,38
4174,106,-1379
4174,105,-1110
4174,104,-941
4174,103,-667
4174,102,-439
4175,106,91
4175,105,102
4175,104,122
4175,103,98
4175,102,105
4175,101,37
4175,100,34
4175,99,40
4180,106,-249
4180,105,-222
4180,104,-348
4180,103,-904
4180,102,-502
4180,101,-567
4180,100,-234
4183,106,3
4183,105,29
4183,104,37
4183,103,-33
4183,102,9
4188,106,-59
4188,105,-55
4188,104,-62
4188,103,-43
4188,102,-19
4192,106,-258
4192,105,-162
4192,104,-182
4192,103,-231
4192,102,-106
4198,106,-415
4198,105,-526
4198,104,-582
4198,103,-532
4198,102,-345
4198,101,-241
4198,100,-253
4726,106,-188
4726,105,-158
4726,104,-111
4726,103,-87
4726,102,-89
4728,106,17
4728,105,2
4728,104,-44
4728,103,20
4728,102,48
4728,101,16
4728,100,61
4728,99,25
4735,106,103
4735,105,84
4735,104,61
4735,103,27
4735,102,-31
4735,101,-25
4735,100,-28
4735,99,19
4736,106,425
4736,105,489
4736,104,445
4736,103,428
4736,102,343
4736,101,162
4736,100,217
4736,99,208
4743,106,-155
4743,105,-14
4743,104,-93
4743,103,200
4743,102,276
4745,106,174
4745,105,175
4745,104,347
4745,103,315
4745,102,273
4745,101,185
4745,100,57
4745,99,11
4747,106,60
4747,105,63
4747,104,62
4747,103,72
4747,102,66
4911,106,-42
4911,105,-15
4911,104,-12
4911,103,14
4911,102,-4
6130,106,-10
6130,105,2
6130,104,-3
6130,103,15
6130,102,-25
6130,101,96
6130,97,-105
6130,96,-32
6242,106,134
6242,105,62
6242,104,53
6242,103,-26
6242,102,-62
6242,101,-36
6242,100,-47
6242,99,-104
6446,106,-872
6446,105,-845
6446,104,-853
6446,103,-853
6446,102,-593
6461,106,-239
6461,105,-125
6461,104,-116
6461,103,-64
6461,102,-17
6469,106,102
6469,105,93
6469,104,77
6469,103,96
6469,102,68
6472,106,14
6472,105,25
6472,104,34
6472,103,17
6472,102,4
6492,106,-372
6492,105,-255
6492,104,-194
6492,103,-157
6492,102,-113
6496,106,280
6496,105,180
6496,104,143
6496,103,154
6496,102,145
6496,101,174
6497,106,-1208
6497,105,-292
6497,104,-451
6497,103,-382
6499,106,-248
6499,105,-219
6499,104,-148
6499,103,-73
6499,102,-43
6499,101,-2
6523,106,127
6523,105,312
6523,104,228
6523,103,239
6523,102,189
6535,106,-213
6535,105,-230
6535,104,-235
6535,103,-157
6535,102,-57
6554,106,155
6554,105,178
6554,104,99
6554,103,-278
6554,102,-367
6554,101,-361
6554,100,N/A
6569,106,116
6569,105,164
6569,104,119
6569,103,84
6569,102,44
6569,101,28
6574,106,150
6574,105,144
6574,104,86
6574,103,73
6574,102,33
6615,106,45
6615,105,43
6615,104,16
6615,103,23
6615,102,-23
8279,106,149
8279,105,90
8279,104,67
8279,103,35
8279,102,15
8279,101,17
8279,100,28
8403,106,124
8403,105,123
8403,104,217
8403,103,106
8403,102,89
8403,101,73
8403,100,50
8403,99,100
8406,106,971
8406,105,1517
8406,104,1567
8406,103,1447
8406,102,1420
8406,101,1052
8406,100,761
8406,99,557
8409,106,-42
8409,105,-61
8409,104,-6
8409,103,-68
8409,102,2
8409,101,-32
8409,100,9
8409,99,8
8432,106,65
8432,105,141
8432,104,83
8432,103,74
8432,102,110
8436,106,712
8436,105,516
8436,104,247
8436,103,158
8436,102,144
8436,101,136
8436,100,93
8436,99,62
8908,106,268
8908,105,200
8908,104,207
8908,103,261
8908,102,224
8917,106,212
8917,105,172
8917,104,152
8917,103,139
8917,102,148
8917,101,212
8917,100,228
8917,99,262
8927,106,81
8927,105,57
8927,104,-16
8927,103,-65
8927,102,-7
8927,99,9
8927,98,52
8927,97,6
8931,106,115
8931,105,93
8931,104,87
8931,103,134
8931,102,120
8931,101,137
8931,100,67
8931,99,103
2063,106,118
2063,105,62
2063,104,65
2063,103,75
2063,102,45
2063,101,50
2063,100,126
2064,106,28
2064,105,121
2064,104,95
2064,103,174
2064,102,137
2065,106,38
2065,105,89
2065,104,54
2065,103,45
2065,102,78
2065,99,31
2065,98,87
5009,106,148
5009,105,323
5009,104,697
5009,103,637
5009,102,274
5009,101,652
5009,100,949
5009,99,247
5011,106,-48
5011,105,27
5011,104,25
5011,103,60
5011,102,26
5013,106,297
5013,105,307
5013,104,202
5013,103,218
5013,102,161
5013,101,-40
5013,100,185
5013,99,275
5014,106,126
5014,105,327
5014,104,-197
5014,103,153
5014,102,-75
5014,101,2
5014,100,-47
5014,99,103
5015,106,203
5015,105,180
5015,104,147
5015,103,226
5015,102,98
5015,101,-11
5015,100,127
5015,99,9
5016,106,203
5016,105,181
5016,104,84
5016,103,150
5016,102,100
5016,101,36
5016,100,213
5016,99,172
6248,106,26
6248,105,28
6248,104,52
6248,103,24
6248,102,-63
6248,101,-232
6248,100,-186
6248,99,4
8349,106,689
8349,105,502
8349,104,494
8349,103,331
8349,102,227
8349,101,140
8349,100,133
8349,99,94
8415,106,698
8415,105,337
8415,104,213
8415,103,430
8415,102,160
8415,101,121
8415,100,155
8415,99,18
8930,106,202
8930,105,49
8930,104,-31
8930,103,27
8930,102,215
8930,101,16
8930,100,41
8930,99,71
5102,106,78
5102,105,48
5102,104,53
5102,103,60
5102,102,39
5102,101,63
5102,100,101
5102,99,80
3073,106,-32
3073,105,0
3073,104,-31
3073,103,-65
3073,102,4
3073,101,-571
3073,100,-89
3073,99,-182
3105,106,3764
3105,105,3113
3105,104,2672
3105,103,1963
3105,102,1812
3105,101,1648
3105,100,1279
3105,99,1709
3122,106,-15
3122,105,26
3122,104,40
3122,103,57
3122,102,40
3122,101,16
3122,100,2
3122,99,27
3141,106,90
3141,105,141
3141,104,83
3141,103,106
3141,102,55
3141,101,57
3141,100,-21
3141,99,1
3169,106,99
3169,105,62
3169,104,62
3169,103,66
3169,102,103
3188,106,66
3188,105,-43
3188,104,-31
3188,103,-28
3188,102,-47
3188,101,-60
3188,100,-81
3188,99,-50
3219,106,11
3219,105,-26
3219,104,-4
3219,103,3
3219,102,1
3219,101,-29
3219,100,-125
3219,99,-81
3227,106,703
3227,105,152
3227,104,308
3227,103,377
3227,102,262
3227,101,280
3227,100,497
3227,99,811
3228,106,-46
3228,105,-24
3228,104,-58
3228,103,-85
3228,102,-50
3259,106,-78
3259,105,-70
3259,104,-164
3259,103,-98
3259,102,-86
3259,101,-128
3259,100,-178
3259,99,-122
3260,106,1860
3260,105,1334
3260,104,-45
3260,103,808
3260,102,1987
3260,101,640
3260,100,74
3260,99,-131
3264,106,1277
3264,105,893
3264,104,987
3264,103,1207
3264,102,842
3264,101,815
3264,100,819
3264,99,1376
3265,106,728
3265,105,611
3265,104,-164
3265,103,506
3265,102,548
3268,106,-56
3268,105,-26
3268,104,-16
3268,103,314
3268,102,-18
3268,101,-66
3268,100,-9
3268,99,6
3317,106,92
3317,105,68
3317,104,-27
3317,103,15
3317,102,27
3317,101,-35
3317,100,-110
3317,99,47
3372,106,-858
3372,105,-274
3372,104,-110
3372,103,62
3372,102,-406
3372,101,-208
3372,100,-312
3372,99,3
3374,106,-733
3374,105,-637
3374,104,147
3374,103,629
3374,102,289
3438,106,-46
3438,105,-20
3438,104,0
3438,103,78
3438,102,66
3527,106,140
3527,105,198
3527,104,114
3527,103,181
3527,102,159
3527,101,295
3527,100,295
3527,99,308
3529,106,599
3529,105,535
3529,104,479
3529,103,419
3529,102,291
3529,101,164
3529,100,153
3529,99,227
3555,106,80
3555,105,12
3555,104,-286
3555,103,-318
3555,102,-550
3555,101,-954
3555,100,355
3555,99,732
3556,106,209
3556,105,198
3556,104,226
3556,103,240
3556,102,451
3556,101,112
3556,100,236
3556,99,116
3567,106,98
3567,105,87
3567,104,44
3567,103,36
3567,102,19
3581,106,77
3581,105,52
3581,104,47
3581,103,93
3581,102,52
3581,101,40
3581,100,27
3581,99,-14
3675,106,133
3675,105,98
3675,104,93
3675,103,58
3675,102,-21
3675,101,-41
3675,100,17
3675,99,52
3680,106,17
3680,105,33
3680,104,11
3680,103,32
3680,102,20
3680,101,146
3680,100,98
3680,99,83
3707,106,-115
3707,105,-398
3707,104,-549
3707,103,-127
4947,106,796
4947,105,748
4947,104,612
4947,103,611
4947,102,541
4947,101,351
4947,100,334
4947,99,310
4966,106,1932
4966,105,1356
4966,104,1144
4966,103,1226
4966,102,679
4966,101,1285
4966,100,453
4966,99,272
4971,106,128
4971,105,104
4971,104,113
4971,103,172
4971,102,106
4971,101,118
4971,100,49
4971,99,62
4973,106,17
4973,105,132
4973,104,51
4973,103,126
4973,102,269
4973,101,266
4973,100,239
4973,99,180
4991,106,357
4991,105,290
4991,104,276
4991,103,167
4991,102,112
4991,101,9
4991,100,68
4991,99,118
5272,106,93
5272,105,78
5272,104,57
5272,103,137
5272,102,119
5274,106,531
5274,105,446
5274,104,340
5274,103,281
5274,102,171
5299,106,121
5299,105,32
5299,104,1
5299,103,27
5299,102,25
5302,106,-18
5302,105,-28
5302,104,-34
5302,103,-51
5302,102,-34
5302,101,-36
5302,100,-120
5302,99,-96
5314,106,-8
5314,105,-100
5314,104,-64
5314,103,-60
5314,102,-79
5314,101,-35
5314,100,76
5314,99,129
5344,106,-39
5344,105,-59
5344,104,-78
5344,103,-94
5344,102,-17
5347,106,4505
5347,105,5538
5347,104,4158
5347,103,5440
5347,102,4371
5347,101,2330
5347,100,882
5347,99,1952
5351,106,-547
5351,105,-408
5351,104,-140
5351,103,128
5351,102,11
5351,101,-489
5351,100,-883
5351,99,201
5425,106,868
5425,105,773
5425,104,766
5425,103,597
5425,102,388
5425,101,166
5425,100,391
5425,99,521
5455,106,-42
5455,105,-15
5455,104,-99
5455,103,-40
5455,102,-64
5455,101,-67
5455,100,-57
5455,99,-47
5468,106,-99
5468,105,-72
5468,104,-14
5468,103,-42
5468,102,-56
5468,101,-76
5468,100,-85
5468,99,-66
5483,106,1036
5483,105,-1589
5483,104,535
5483,103,1128
5483,102,295
5483,101,-2368
5483,100,429
5483,99,3569
5487,106,29
5487,105,41
5487,104,34
5487,103,41
5487,102,41
5487,101,36
5487,100,41
5487,99,53
6103,106,30
6103,105,6
6103,104,2
6103,103,-37
6103,102,-46
6103,101,-56
6103,100,-81
6103,99,-55
6104,106,131
6104,105,227
6104,104,269
6104,103,427
6104,102,-198
6104,101,-82
6104,100,-170
6104,99,18
6129,106,-43
6129,105,3
6129,104,-147
6129,103,81
6129,102,-97
6129,101,35
6129,100,35
6129,99,206
6138,106,284
6138,105,202
6138,104,148
6138,103,235
6138,102,102
6138,101,106
6138,100,132
6138,99,148
6147,106,2254
6147,105,1992
6147,104,2064
6147,103,2550
6147,102,2501
6147,101,2549
6147,100,1778
6147,99,2383
6182,106,301
6182,105,-1488
6182,104,27
6182,103,-743
6182,102,-426
6182,101,-665
6182,100,83
6182,99,671
6198,106,-24
6198,105,-2
6198,104,-28
6198,103,-30
6198,102,-23
6198,101,-30
6198,100,-34
6198,99,-28
6223,106,146
6223,105,563
6223,104,295
6223,103,518
6223,102,271
6223,101,283
6223,100,634
6223,99,748
6229,106,26
6229,105,23
6229,104,2
6229,103,29
6229,102,32
6229,101,10
6229,100,15
6229,99,58
6233,106,-59
6233,105,-60
6233,104,-74
6233,103,-95
6233,102,-94
6233,101,-98
6233,100,-50
6233,99,1
6237,106,182
6237,105,67
6237,104,96
6237,103,81
6237,102,3
6237,101,-95
6237,100,-217
6237,99,8
6261,106,516
6261,105,443
6261,104,477
6261,103,731
6261,102,497
6261,101,616
6261,100,692
6261,99,820
6287,106,-93
6287,105,-236
6287,104,-320
6287,103,-362
6287,102,-364
6291,106,-37
6291,105,-19
6291,104,-39
6291,103,-36
6291,102,-66
6291,101,-78
6291,100,-120
6291,99,-52
6411,106,442
6411,105,323
6411,104,190
6411,103,151
6411,102,153
6435,106,156
6435,105,118
6435,104,88
6435,103,97
6435,102,102
6457,106,47
6457,105,51
6457,104,65
6457,103,43
6457,102,33
6457,101,36
6457,100,25
6462,106,593
6462,105,114
6462,104,-90
6462,103,-230
6462,102,-72
6462,101,-204
6462,100,-93
6485,106,-74
6485,105,139
6485,104,126
6485,103,130
6485,102,64
6488,106,5275
6488,105,939
6488,104,2044
6488,103,2095
6488,102,1976
6488,101,980
6494,106,104
6494,105,93
6494,104,56
6494,103,65
6494,102,61
6494,101,42
6510,106,736
6510,105,605
6510,104,413
6510,103,196
6510,102,56
6510,101,40
6532,106,58
6532,105,33
6532,104,57
6532,103,46
6532,102,18
6568,106,238
6568,105,238
6568,104,153
6568,103,148
6568,102,127
6568,101,33
6594,106,21
6594,105,31
6594,104,0
8024,106,5
8024,105,11
8024,104,8
8024,103,46
8024,102,28
8024,101,17
8024,100,20
8024,99,114
8040,106,3
8040,105,-63
8040,104,-70
8040,103,-94
8040,102,-76
8040,101,-43
8040,100,-258
8040,99,125
8054,106,79
8054,105,51
8054,104,61
8054,103,114
8054,102,174
8054,101,191
8054,100,337
8054,99,232
8086,106,221
8086,105,389
8086,104,1088
8086,103,375
8086,102,-74
8088,106,25
8088,105,70
8088,104,97
8088,103,102
8088,102,211
8277,106,-72
8277,105,-147
8277,104,-127
8277,103,-61
8277,102,67
8277,101,6
8277,100,-224
8277,99,-379
1569,106,263
1569,105,182
1569,104,-316
1569,103,-66
1569,102,-41
1569,101,125
1569,100,221
1569,99,111
3071,106,163
3071,105,87
3071,104,7
3071,103,1
3071,102,-166
3071,101,5
3071,100,82
3071,99,288
3088,106,926
3088,105,360
3088,104,424
3088,103,371
3088,102,269
3088,101,178
3088,100,144
3088,99,198
3211,106,415
3211,105,474
3211,104,698
3211,103,926
3211,102,836
3211,101,1522
3211,100,1521
3211,99,1156
3213,106,331
3213,105,259
3213,104,234
3213,103,228
3213,102,193
3213,95,293
3213,94,258
3272,106,158
3272,105,172
3272,104,228
3272,103,406
3272,102,144
3272,101,46
3272,100,-23
3272,99,8
3287,106,-22
3287,105,-36
3287,104,-29
3287,103,-13
3287,102,22
3287,101,-40
3287,100,-8
3287,99,64
3323,106,195
3323,105,79
3323,104,103
3323,103,145
3323,102,5
3323,101,57
3323,100,-97
3323,99,262
3325,106,-79
3325,105,42
3325,104,12
3325,103,1
3325,102,-70
3325,101,-121
3325,100,-179
3325,99,-46
3479,106,229
3479,105,324
3479,104,297
3479,103,200
3479,102,181
3479,101,225
3479,100,120
3479,99,147
3483,106,6
3483,105,126
3483,104,-36
3483,103,6
3483,102,-64
3483,101,139
3483,100,22
3483,99,5
3521,106,-66
3521,105,5
3521,104,24
3521,103,-17
3521,102,-71
3521,101,-24
3540,106,116
3540,105,82
3540,104,27
3540,103,35
3540,102,-22
3540,101,47
3540,100,33
3540,99,1
3577,106,89
3577,105,140
3577,104,77
3577,103,105
3577,102,88
3577,101,83
3577,100,104
3577,99,107
3594,106,143
3594,105,12
3594,104,43
3594,103,97
3594,102,70
3594,101,40
3594,100,62
3594,99,56
3611,106,618
3611,105,545
3611,104,577
3611,103,506
3611,102,445
3611,101,301
3611,100,308
3611,99,207
3625,106,121
3625,105,94
3625,104,2
3625,103,-121
3625,102,-109
3625,101,2
3625,100,-11
3625,99,-67
3652,106,41
3652,105,35
3652,104,34
3652,103,34
3652,102,22
3652,101,7
3652,100,28
3652,99,101
3693,106,-142
3693,105,133
3693,104,340
3693,103,365
3693,102,287
3693,101,150
3693,100,95
3693,99,23
3709,106,25
4924,106,-26
4924,105,-65
4924,104,-66
4924,103,-33
4924,102,-43
4924,101,-88
4924,100,67
4924,99,100
4987,106,124
4987,105,107
4987,104,172
4987,103,181
4987,102,150
4987,101,110
4987,100,75
4987,99,54
5289,106,768
5289,105,464
5289,104,561
5289,103,507
5289,102,286
5289,101,240
5289,100,269
5289,99,151
5304,106,-191
5304,105,-228
5304,104,-278
5304,103,272
5304,102,-193
5304,101,-133
5304,100,175
5304,99,41
5356,106,468
5356,105,564
5356,104,564
5356,103,1481
5356,102,787
5356,101,669
5356,100,878
5356,99,1164
5386,106,45
5386,105,21
5386,104,27
5386,103,1
5386,102,19
5386,101,68
5386,100,-17
5386,99,2
5426,106,14
5426,105,181
5426,104,109
5426,103,210
5426,102,167
5426,101,177
5426,100,102
5426,99,145
5438,106,221
5438,105,179
5438,104,182
5438,103,145
5438,102,70
5438,101,63
5438,100,8
5438,99,255
5450,106,0
5450,105,5
5450,104,-43
5450,103,-65
5450,102,-27
5450,101,-6
5450,100,2
5450,99,-21
5465,106,99
5465,105,101
5465,104,42
5465,103,83
5465,102,35
5465,101,-11
5465,100,-12
5465,99,11
5474,106,166
5474,105,243
5474,104,214
5474,103,140
5474,102,90
5490,106,97
5490,105,437
5490,104,511
5490,103,190
5490,102,319
5490,101,171
5490,100,258
5490,99,348
6121,106,2620
6121,105,2802
6121,104,3113
6121,103,3386
6121,102,3236
6121,101,3303
6121,100,3688
6121,99,3329
6123,106,172
6123,105,168
6123,104,122
6123,103,93
6123,102,63
6123,101,112
6123,100,132
6123,99,156
6150,106,253
6150,105,13
6150,104,-229
6150,103,-116
6150,102,-133
6150,101,-98
6150,100,23
6150,99,203
6160,106,-56
6160,105,82
6160,104,41
6160,103,38
6160,102,52
6160,101,81
6160,100,187
6160,99,188
6161,106,204
6161,105,104
6161,104,40
6161,103,90
6161,102,50
6161,101,-348
6161,100,202
6161,99,72
6188,106,288
6188,105,477
6188,104,403
6188,103,1072
6188,102,967
6188,101,448
6188,100,529
6188,99,658
6222,106,6
6222,105,-169
6222,104,-143
6222,103,-31
6222,102,-89
6222,101,44
6222,100,-39
6222,99,39
6228,106,-34
6228,105,-35
6228,104,-41
6228,103,-59
6228,102,2
6228,101,-98
6228,100,-4
6228,99,-13
6276,106,-28
6276,105,-58
6276,104,-113
6276,103,40
6276,102,40
6276,101,93
6276,100,-131
6276,99,-30
6298,106,390
6298,105,356
6298,104,164
6298,103,373
6298,102,413
6298,101,404
6298,100,100
6298,99,51
6441,106,152
6441,105,112
6441,104,53
6441,103,72
6441,102,69
6570,106,31
6570,105,42
6570,104,42
6570,103,40
6570,102,15
6577,106,151
6577,105,143
6577,104,156
6577,103,154
6577,102,69
8050,106,305
8050,105,599
8050,104,480
8050,103,395
8050,102,244
8050,101,279
8050,100,269
8050,99,225
8076,106,180
8076,105,215
8076,104,236
8076,103,346
8076,102,228
8076,101,170
8076,100,55
8076,99,-157
8234,106,139
8234,105,226
8234,104,196
8234,103,487
8234,102,177
8234,101,230
8234,100,298
8234,99,182
8299,106,5761
8299,105,4867
8299,104,4000
8299,103,3201
8299,102,3171
8299,101,2695
8299,100,2616
8299,99,1516
8410,106,101
8410,105,87
8410,104,-6
8410,103,208
8410,102,125
3066,106,-11
3066,105,-132
3066,104,-147
3066,103,-89
3066,102,-226
3066,101,-127
3066,100,-388
3066,99,4
3128,106,9
3128,105,10
3128,104,3
3128,103,-18
3128,102,3
3128,101,-38
3128,100,5
3128,99,1
3230,106,-194
3230,105,-104
3230,104,-79
3230,103,-142
3230,102,21
3230,101,-264
3230,100,-132
3230,99,-258
3297,106,-67
3297,105,-9
3297,104,32
3297,103,87
3297,102,135
3297,101,73
3297,100,32
3297,99,49
3339,106,-67
3339,105,-387
3339,104,-996
3339,103,-580
3339,102,-831
3339,101,-730
3362,106,135
3362,105,95
3362,104,-103
3362,103,104
3362,102,87
3362,101,82
3362,100,17
3362,99,-67
3428,106,245
3428,105,254
3428,104,288
3428,103,179
3428,102,116
3428,101,37
3428,100,135
3428,99,99
3434,106,1
3434,105,21
3434,104,16
3434,103,11
3434,102,2
3434,101,-75
3434,100,-34
3434,99,-59
3441,106,-2
3441,105,-28
3441,104,-17
3441,103,10
3441,102,-3
3441,101,106
3441,100,104
3441,99,52
3452,106,-2799
3452,105,-807
3452,104,-808
3452,103,-760
3452,102,-1574
3452,101,-1798
3452,100,-4053
3452,99,-2803
3455,106,169
3455,105,248
3455,104,187
3455,103,122
3455,102,-60
3455,101,-211
3455,100,99
3455,99,280
3490,106,-32
3490,105,26
3490,104,395
3490,103,426
3490,102,60
3490,101,-20
3490,100,68
3490,99,152
3516,106,12
3516,105,-176
3516,104,-48
3516,103,-204
3516,102,-116
3516,101,-295
3516,100,-208
3516,99,-55
3522,106,-95
3522,105,-42
3522,104,-56
3522,103,46
3522,102,35
3522,101,46
3522,100,45
3522,99,86
3523,106,135
3523,105,-474
3523,104,-387
3523,103,-635
3523,102,-368
3523,101,-379
3523,100,-68
3523,99,-189
3531,106,169
3531,105,95
3531,104,19
3531,103,23
3531,102,133
3531,101,130
3531,100,113
3531,99,112
3562,106,-98
3562,105,-70
3562,104,7
3562,103,8
3562,102,-93
3562,98,-179
3562,97,-79
3562,96,28
3615,106,56
3615,105,33
3615,104,27
3615,103,-63
3615,102,6
3623,106,104
3623,105,179
3623,104,194
3623,103,230
3623,102,96
3629,106,-69
3629,105,-125
3629,104,-94
3629,103,-125
3629,102,-79
3630,106,-525
3630,105,-542
3630,104,-713
3630,103,-412
3630,102,163
3630,101,-174
3630,100,133
3630,99,392
3666,106,66
3666,105,36
3666,104,22
3666,103,227
3666,102,169
3666,101,40
3666,100,-343
3666,99,-142
3685,106,28
3685,105,30
3685,104,-218
3685,103,-101
3685,102,45
3685,101,10
3685,100,110
3685,99,110
3691,106,-209
3691,105,1611
3691,104,2415
3691,103,1494
3691,102,619
3691,101,600
3691,100,1031
3691,99,1066
4729,106,313
4729,105,182
4729,104,9
4729,103,-87
4729,102,-778
4729,101,-481
4729,100,-254
4729,99,66
4933,106,29
4933,105,170
4933,104,173
4933,103,234
4933,102,436
4933,100,370
4933,99,197
4933,98,382
4944,106,-622
4944,105,-730
4944,104,-896
4944,103,31
4944,102,-453
4944,101,-278
4944,100,-616
4944,99,314
4972,106,121
4972,105,125
4972,104,145
4972,103,100
4972,102,73
4972,101,68
4972,100,62
4972,99,53
4995,106,90
4995,105,66
4995,104,96
4995,103,114
4995,102,44
4995,101,32
4995,100,40
4995,99,74
5230,106,145
5230,105,135
5230,104,123
5230,103,94
5230,102,133
5230,101,146
5230,100,80
5230,99,97
5245,106,278
5245,105,256
5245,104,145
5245,103,97
5245,102,24
5251,106,-32
5251,105,56
5251,104,71
5251,103,122
5251,102,170
5251,101,114
5251,100,32
5251,99,41
5281,106,133
5281,105,64
5281,104,86
5281,103,62
5281,102,64
5281,101,-34
5315,106,106
5315,105,439
5315,104,362
5315,103,-50
5315,102,-114
5315,101,-192
5315,100,-247
5315,99,-218
5371,106,1751
5371,105,1965
5371,104,1905
5371,103,2841
5371,102,1939
5371,101,890
5371,100,1513
5371,99,3535
5392,106,226
5392,105,71
5392,104,7
5392,103,139
5392,102,172
5392,101,121
5392,100,295
5392,99,732
5432,106,-22
5432,105,11
5432,104,22
5432,103,17
5432,102,15
5432,98,-134
5432,97,-726
5432,96,63
5443,106,200
5443,105,261
5443,104,200
5443,103,73
5443,102,171
5443,101,-273
5443,100,104
5443,99,342
6125,106,-222
6125,105,-482
6125,104,75
6125,103,184
6125,102,-452
6125,101,-835
6125,100,-264
6125,99,232
6167,106,131
6167,105,160
6167,104,62
6167,103,134
6167,102,-16
6167,101,72
6167,100,19
6167,99,-66
6234,106,31
6234,105,6
6234,104,295
6234,103,74
6234,102,-115
6234,101,-188
6234,100,1
6234,99,1
6244,106,-3031
6244,105,-906
6244,104,-638
6244,103,-1056
6244,102,252
6244,101,-5037
6244,100,-2455
6244,99,4555
6246,106,26
6246,105,172
6246,104,-48
6246,103,-875
6246,102,-430
6246,101,-289
6246,100,168
6246,99,53
6419,106,-19
6419,105,-19
6419,104,2
6419,103,16
6419,102,124
6419,101,72
6419,100,38
6419,99,-15
6548,106,431
6548,105,45
6548,104,59
6548,103,63
6548,102,22
6556,106,40
6556,105,62
6556,104,97
6556,103,149
6556,102,95
6560,106,-12
6560,105,38
6560,104,46
6560,103,32
6560,102,63
7402,106,16
7402,105,38
7402,104,36
7402,103,26
7402,102,6
8049,106,200
8049,105,184
8049,104,140
8049,103,79
8049,102,63
8049,101,-88
8049,100,-106
8049,99,20
8064,106,1
8064,105,149
8064,104,63
8064,103,307
8064,102,153
8064,101,-389
8064,100,-33
8064,99,107
8069,106,2078
8069,105,1908
8069,104,539
8069,103,13
8069,102,29
8069,101,-749
8069,100,6527
8069,99,4028
8087,106,9
8087,105,3
8087,104,-8
8087,103,-5
8087,102,-35
8111,106,11
8111,105,-48
8111,104,-92
8111,103,-114
8111,102,-112
8111,101,-280
8111,100,-315
8111,99,41
8240,106,47
8240,105,-676
8240,104,1
8240,103,205
8240,102,92
8240,101,293
8240,100,409
8240,99,441
3068,106,437
3068,105,395
3068,104,156
3068,103,117
3068,102,108
3068,101,65
3068,100,212
3068,99,437
3081,106,656
3081,105,875
3081,104,989
3081,103,614
3081,102,270
3095,106,86
3095,105,-459
3095,104,-192
3095,103,-465
3095,102,-1023
3095,101,-1128
3095,100,3
3095,99,-996
3152,106,839
3152,105,807
3152,104,763
3152,103,473
3152,102,475
3163,106,-23
3163,105,299
3163,104,-70
3163,103,149
3163,102,391
3163,101,197
3163,100,141
3163,99,75
3221,106,34
3221,105,105
3221,104,107
3221,103,134
3221,102,95
3221,101,-6
3221,100,-49
3221,99,98
3234,106,-641
3234,105,278
3234,104,780
3234,103,290
3234,102,97
3234,101,193
3234,100,136
3234,99,96
3290,106,37
3290,105,35
3290,104,97
3290,103,57
3290,102,254
3290,101,-140
3290,100,168
3290,99,150
3299,106,320
3299,105,321
3299,104,295
3299,103,237
3299,102,155
3299,101,130
3299,100,192
3299,99,202
3306,106,-46
3306,105,11
3306,104,56
3306,103,83
3306,102,102
3306,101,61
3306,100,113
3306,99,123
3363,106,58
3363,105,173
3363,104,-48
3363,103,-12
3363,102,78
3363,101,114
3363,100,112
3363,99,107
3431,106,-13
3431,105,-68
3431,104,-109
3431,103,-35
3431,102,3
3431,101,-23
3431,100,3
3431,99,-71
3466,106,-172
3466,105,-5
3466,104,-27
3466,103,101
3466,102,91
3466,101,88
3466,100,124
3466,99,61
3491,106,186
3491,105,220
3491,104,232
3491,103,181
3491,102,154
3491,101,143
3491,100,71
3491,99,84
3499,106,8
3499,105,1
3499,104,17
3499,103,-42
3499,102,-105
3499,101,-23
3499,100,-45
3499,99,16
3558,106,468
3558,105,560
3558,104,812
3558,103,612
3558,102,422
3558,101,296
3558,100,173
3558,99,131
3564,106,-82
3564,105,70
3564,104,126
3564,103,75
3564,102,55
3564,101,69
3564,100,11
3564,99,1
3632,106,-42
3632,105,-87
3632,104,47
3632,103,-60
3632,102,13
3632,101,22
3632,100,34
3632,99,49
3664,106,-84
3664,105,-69
3664,104,48
3664,103,13
3664,102,45
3664,101,-144
3664,100,107
3664,99,99
3672,106,23
3672,105,70
3672,104,92
3672,103,91
3672,102,49
3672,101,9
3672,100,-34
3672,99,-28
3684,106,78
3684,105,75
3684,104,107
3684,103,67
3684,102,44
3684,101,45
3684,100,31
3684,99,22
4903,106,-27
4903,105,-28
4903,104,28
4903,103,47
4903,102,-27
4903,101,68
4903,100,54
4903,99,18
4905,106,1022
4905,105,301
4905,104,123
4905,103,21
4905,102,-6
4905,101,149
4905,100,83
4905,99,133
4908,106,121
4908,105,97
4908,104,58
4908,103,202
4908,102,132
4909,106,85
4909,105,197
4909,104,243
4909,103,283
4909,102,285
4909,101,194
4909,100,290
4909,99,299
4979,106,-659
4979,105,-115
4979,104,542
4979,103,217
4979,102,123
4979,101,181
4979,100,65
4979,99,91
5348,106,-39
5348,105,-43
5348,104,-22
5348,103,-32
5348,102,-106
5348,101,28
5348,100,42
5348,99,-35
5353,106,30
5353,105,40
5353,104,29
5353,103,43
5353,102,53
5353,101,32
5353,100,60
5353,99,36
6109,106,50
6109,105,80
6109,104,115
6109,103,88
6109,102,-41
6109,101,38
6109,100,-80
6109,99,-40
6143,106,-93
6143,105,337
6143,104,503
6143,103,437
6143,102,667
6143,101,415
6143,100,186
6143,99,341
6163,106,117
6163,105,19
6163,104,-148
6163,103,-86
6163,102,246
6163,101,245
6163,100,65
6163,99,8
6170,106,2
6170,105,14
6170,104,45
6170,103,32
6170,102,-109
6170,101,-31
6170,100,118
6170,99,12
6190,106,122
6190,105,120
6190,104,-31
6190,103,-21
6190,102,-86
6190,101,-159
6190,100,29
6190,99,163
6218,106,73
6218,105,82
6218,104,70
6218,103,81
6218,102,82
6218,101,68
6218,100,183
6218,99,210
6241,106,-39
6241,105,-16
6241,104,-22
6241,103,39
6241,102,22
6241,101,93
6241,100,-5
6241,99,20
6245,106,349
6245,105,381
6245,104,318
6245,103,304
6245,102,294
6245,101,244
6245,100,152
6245,99,0
6263,106,306
6263,105,274
6263,104,266
6263,103,245
6263,102,190
6263,101,153
6263,100,88
6263,99,100
6417,106,47
6417,105,90
6417,104,81
6417,103,51
6417,102,15
6417,101,39
6417,100,40
6417,99,18
6426,106,79
6426,105,89
6426,104,58
6426,103,86
6426,102,58
6465,106,36
6465,105,56
6465,104,69
6465,103,51
6465,102,43
6470,106,70
6470,105,164
6470,104,162
6470,103,130
6470,102,55
6470,101,-4
6486,106,167
6486,105,160
6486,104,151
6486,103,203
6486,102,171
6486,101,121
6514,106,44
6514,105,43
6514,104,71
6514,103,-6
6514,102,43
6514,101,55
6530,106,27
6530,105,32
6530,104,36
6530,103,54
6530,102,35
8034,106,102
8034,105,-16
8034,104,-13
8034,103,-6
8034,102,-14
8034,101,-27
8034,100,-67
8034,99,-86
8048,106,125
8048,105,138
8048,104,181
8048,103,104
8048,102,61
8048,101,35
8048,100,21
8048,99,28
8059,106,-135
8059,105,-16
8059,104,101
8059,103,141
8059,102,-9
8059,101,-64
8059,100,-109
8059,99,0
8097,106,88
8097,105,17
8097,104,-28
8097,103,-38
8097,102,-65
8097,101,3
8097,100,-52
8097,99,-91
8171,106,-90
8171,105,-98
8171,104,-116
8171,103,-30
8171,102,-48
8171,101,-20
8171,100,56
8171,99,72
8176,106,52
8176,105,38
8176,104,21
8176,103,-217
8176,102,-81
8176,101,154
8176,100,147
8176,99,43
1333,106,-122
1333,105,-47
1333,104,-34
1333,103,-99
1333,102,-25
1333,101,-61
1333,100,-83
1333,99,28
1336,106,101
1336,105,-136
1336,104,-149
1336,103,-40
1336,102,6
1336,101,-51
1336,100,-3
1336,99,10
1595,106,297
1595,105,29
1595,104,210
1595,103,293
1595,102,241
1595,101,256
1595,100,313
1595,99,266
1815,106,486
1815,105,436
1815,104,420
1815,103,54
1815,102,29
1815,101,-150
1815,100,486
1815,99,581
3078,106,646
3078,105,769
3078,104,595
3078,103,486
3078,102,251
3078,101,104
3078,100,202
3078,99,270
3089,106,-129
3089,105,-513
3089,104,-245
3089,103,-136
3089,102,-66
3089,101,45
3089,100,-40
3089,99,38
3092,106,334
3092,105,287
3092,104,79
3092,103,67
3092,102,-28
3092,101,-20
3092,100,51
3092,99,95
3114,106,72
3114,105,22
3114,104,59
3114,103,58
3114,102,33
3114,101,27
3114,100,34
3114,99,-8
3115,106,23
3115,105,-4
3115,104,-7
3115,103,21
3115,102,36
3115,101,13
3115,100,-3
3115,99,-48
3144,106,174
3144,105,110
3144,104,124
3144,103,233
3144,102,218
3144,101,118
3144,100,77
3144,99,102
3191,106,16
3191,105,-239
3191,104,-135
3191,103,-77
3191,102,86
3191,101,-151
3191,100,40
3191,99,55
3202,106,-89
3202,105,55
3202,104,-23
3202,103,29
3202,102,-130
3202,101,-125
3202,100,-151
3202,99,6
3206,106,72
3206,105,59
3206,104,89
3206,103,65
3206,102,20
3206,101,49
3206,100,81
3206,99,75
3207,106,-118
3207,105,10
3207,104,-73
3207,103,-42
3207,102,-71
3207,101,-23
3207,100,5
3207,99,40
3217,106,241
3217,105,189
3217,104,93
3217,103,128
3217,102,96
3217,101,86
3217,100,88
3217,99,175
3236,106,192
3236,105,132
3236,104,68
3236,103,67
3236,102,2
3236,101,6
3236,100,18
3236,99,60
3276,106,34
3276,105,62
3276,104,20
3276,103,99
3276,102,1
3288,106,-5
3288,105,-118
3288,104,-96
3288,103,-20
3288,102,-71
3288,101,-114
3288,100,-8
3288,99,2
3294,106,217
3294,105,117
3294,104,78
3294,103,-193
3294,102,-81
3294,101,-185
3294,100,301
3294,99,-146
3310,106,71
3310,105,302
3310,104,112
3310,103,18
3310,102,14
3310,101,24
3310,100,-175
3310,99,-105
3313,106,-58
3313,105,-156
3313,104,-162
3313,103,-186
3313,102,-42
3313,101,-22
3313,100,134
3313,99,93
3322,106,-113
3322,105,-98
3322,104,-106
3322,103,23
3322,102,-25
3322,101,-110
3322,100,-60
3322,99,-127
3332,106,185
3332,105,109
3332,104,120
3332,103,148
3332,102,169
3332,101,106
3332,100,201
3332,99,243
3354,106,31
3354,105,9
3354,104,20
3354,103,36
3354,102,1
3354,101,13
3354,100,84
3354,99,99
3388,106,350
3388,105,290
3388,104,290
3388,103,319
3388,102,336
3388,101,340
3388,100,377
3388,99,446
3390,106,4
3390,105,-13
3390,104,62
3390,103,168
3390,102,244
3390,101,286
3390,100,229
3390,99,129
3465,106,-32
3465,105,-23
3465,104,-68
3465,103,-67
3465,102,-17
3465,101,9
3465,100,-11
3465,99,-29
3484,106,170
3484,105,177
3484,104,195
3484,103,228
3484,102,104
3484,101,47
3484,100,92
3484,99,174
3492,106,74
3492,105,97
3492,104,78
3492,103,40
3492,102,28
3492,101,1
3492,100,-75
3492,99,-16
3511,106,-104
3511,105,-141
3511,104,43
3511,103,-65
3511,102,-65
3511,101,27
3511,100,23
3511,99,198
3512,106,-29
3512,105,-79
3512,104,29
3512,103,-7
3512,102,-114
3512,101,11
3512,100,-123
3512,99,-114
3520,106,-107
3520,105,-60
3520,104,-42
3520,103,-93
3520,102,-130
3520,101,-158
3520,100,-136
3520,99,-4
3526,106,202
3526,105,387
3526,104,93
3526,103,78
3526,102,4
3526,101,127
3526,100,153
3526,99,321
3537,106,102
3537,105,62
3537,104,69
3537,103,74
3537,102,113
3537,101,103
3537,100,101
3537,99,61
3548,106,350
3548,105,381
3548,104,198
3548,103,171
3548,102,146
3548,101,122
3548,100,17
3548,99,92
3609,106,15
3609,105,-57
3609,104,-90
3609,103,-20
3609,102,1
3609,101,-59
3609,100,31
3609,99,56
3624,106,87
3624,105,80
3624,104,150
3624,103,149
3624,102,174
3624,101,162
3624,100,113
3624,99,230
3631,106,-16
3631,105,10
3631,104,-366
3631,103,48
3631,102,119
3631,101,138
3631,100,219
3631,99,220
3646,106,30
3646,105,43
3646,104,5
3646,103,-27
3646,102,20
3646,101,-20
3646,100,106
3646,99,54
3689,106,243
3689,105,190
3689,104,176
3689,103,509
3689,102,520
3689,101,444
3689,100,353
3689,99,341
3710,106,-7
3710,101,-214
4542,106,67
4542,105,-50
4542,104,-11
4542,103,129
4542,102,105
4542,101,96
4542,100,71
4542,99,2
4939,106,119
4939,105,13
4939,104,-181
4939,103,82
4939,102,94
4939,101,49
4939,100,156
4939,99,97
4974,106,301
4974,105,273
4974,104,249
4974,103,252
4974,102,228
4974,101,193
4974,100,169
4974,99,151
5227,106,-208
5227,105,-45
5227,104,-431
5227,103,-563
5227,102,-408
5227,101,-223
5227,100,-361
5227,99,-176
5255,106,187
5255,105,103
5255,104,11
5255,103,45
5255,102,73
5255,101,41
5255,100,75
5255,99,86
5291,106,-25
5291,105,-11
5291,104,11
5291,103,89
5291,102,88
5291,101,81
5291,100,0
5291,99,32
5309,106,-255
5309,105,-302
5309,104,575
5309,103,-189
5309,102,-274
5309,101,-4
5309,100,-27
5309,99,29
5317,106,301
5317,105,-162
5317,104,-44
5317,103,87
5317,102,99
5317,101,-50
5317,100,20
5317,99,101
5321,106,-67
5321,105,45
5321,104,29
5321,103,41
5321,102,53
5321,101,-507
5321,100,-593
5321,99,-247
5328,106,16
5328,105,72
5328,104,74
5328,103,-116
5328,102,46
5328,101,-73
5328,100,29
5328,99,218
5340,106,122
5340,105,17
5340,104,-77
5340,103,-116
5340,102,-168
5340,101,-105
5340,100,2
5340,99,81
5345,106,-69
5345,105,-65
5345,104,115
5345,103,100
5345,102,3
5345,101,-6
5345,100,-199
5345,99,-99
5349,106,44
5349,105,309
5349,104,647
5349,103,796
5349,102,680
5349,101,440
5349,100,450
5349,99,253
5355,106,-76
5355,105,-28
5355,104,31
5355,103,141
5355,102,222
5355,101,149
5355,100,35
5355,99,-91
5381,106,-284
5381,105,177
5381,104,-438
5381,103,-41
5381,102,2
5381,101,-787
5381,100,-498
5381,99,-73
5398,106,18
5398,105,9
5398,104,-109
5398,103,-42
5398,102,7
5398,101,6
5398,100,1
5398,99,8
5439,106,194
5439,105,199
5439,104,126
5439,103,159
5439,102,100
5439,99,297
5439,98,111
5439,97,68
5457,106,57
5457,105,-45
5457,104,221
5457,103,315
5457,102,14
5457,101,-358
5457,100,-94
5457,99,-89
5460,106,33
5460,105,52
5460,104,75
5460,103,88
5460,102,53
5460,101,73
5460,100,54
5460,99,56
5464,106,-141
5464,105,32
5464,104,125
5464,103,183
5464,102,124
5464,101,30
5464,100,153
5464,99,73
5475,106,122
5475,105,-748
5475,104,-560
5475,103,-182
5475,102,-126
5475,101,3
5475,100,150
5475,99,302
5480,106,149
5480,105,242
5480,104,220
5480,103,351
5480,102,669
5480,101,639
5480,100,108
5480,99,332
5481,106,-49
5481,105,94
5481,104,-134
5481,103,-34
5481,102,-143
5481,101,-356
5481,100,-20
5481,99,-15
5488,106,-13
5488,105,67
5488,104,-27
5488,103,-69
5488,102,-119
5488,101,-123
5488,100,-88
5488,99,-52
5498,106,36
5498,105,44
5498,104,3
5498,103,24
5498,102,11
5498,101,4
5498,100,2
5498,99,8
6101,106,33
6101,105,-149
6101,104,-194
6101,103,65
6101,102,-16
6101,101,-29
6101,100,29
6101,99,-36
6114,106,134
6114,105,280
6114,104,271
6114,103,191
6114,102,0
6124,106,-245
6124,105,214
6124,104,-56
6124,103,-11
6124,102,99
6124,101,29
6124,100,5
6124,99,9
6126,106,133
6126,105,97
6126,104,-375
6126,103,-31
6126,102,2
6126,101,200
6126,100,232
6126,99,277
6127,106,32
6127,105,37
6127,104,17
6127,103,5
6127,102,-70
6127,101,-140
6127,100,27
6127,99,112
6134,106,65
6134,105,40
6134,104,-91
6134,103,-158
6134,102,-242
6134,101,-384
6134,100,-363
6134,99,146
6156,106,132
6156,105,142
6156,104,124
6156,103,75
6156,102,-60
6156,101,16
6156,100,-243
6156,99,-815
6158,106,73
6158,105,148
6158,104,13
6158,103,-219
6158,102,-393
6158,101,134
6158,100,140
6158,99,448
6173,106,362
6173,105,250
6173,104,137
6173,103,139
6173,102,20
6173,101,-48
6173,100,56
6173,99,253
6174,106,25
6174,105,54
6174,104,52
6174,103,52
6174,102,94
6174,101,17
6174,100,8
6174,99,40
6175,106,334
6175,105,75
6175,104,47
6175,103,30
6175,102,-21
6175,101,44
6175,100,274
6175,99,135
6185,106,185
6185,105,282
6185,104,306
6185,103,339
6185,102,343
6185,101,217
6185,100,97
6185,99,309
6194,106,-44
6194,105,-104
6194,104,-54
6194,103,85
6194,102,85
6194,101,154
6194,100,296
6194,99,183
6203,106,105
6203,105,201
6203,104,197
6203,103,351
6203,102,276
6203,101,255
6203,100,324
6203,99,298
6204,106,55
6204,105,52
6204,104,40
6204,103,66
6204,102,83
6204,101,73
6204,100,99
6204,99,127
6207,106,230
6207,105,170
6207,104,222
6207,103,170
6207,102,8
6207,101,92
6207,100,209
6207,99,293
6208,106,181
6208,105,128
6208,104,81
6208,103,118
6208,102,98
6208,101,58
6208,100,210
6208,99,148
6210,106,146
6210,105,115
6210,104,189
6210,103,202
6210,102,150
6217,106,142
6217,105,159
6217,104,219
6217,103,165
6217,102,98
6217,101,64
6217,100,61
6217,99,91
6220,106,410
6220,105,402
6220,104,71
6220,103,160
6220,102,9
6220,101,4
6220,100,21
6220,99,122
6259,106,-56
6259,105,-440
6259,104,-132
6259,103,-47
6259,102,-31
6259,101,-41
6259,100,-13
6259,99,25
6266,106,120
6266,105,74
6266,104,161
6266,103,86
6266,102,51
6266,101,24
6266,100,53
6266,99,98
6274,106,1002
6274,105,909
6274,104,751
6274,103,749
6274,102,613
6274,101,474
6274,100,182
6274,99,372
6279,106,972
6279,105,898
6279,104,801
6279,103,777
6279,102,613
6279,101,420
6279,100,394
6279,99,425
6284,106,85
6284,105,59
6284,104,99
6284,103,104
6284,102,49
6284,101,-144
6284,100,68
6284,99,183
6290,106,227
6290,105,405
6290,104,296
6290,103,369
6290,102,275
6290,101,247
6290,100,292
6290,99,418
6292,106,121
6292,105,157
6292,104,97
6292,103,155
6292,102,128
6292,101,132
6292,100,134
6292,99,170
6432,106,9
6432,105,39
6432,104,64
6432,103,57
6432,102,43
6432,101,34
6432,100,30
6538,106,-27
6538,105,130
6538,104,233
6538,103,213
6538,102,214
6538,101,190
8038,106,-170
8038,105,-54
8038,104,-80
8038,103,-136
8038,102,-70
8042,106,459
8042,105,561
8042,104,423
8042,103,496
8042,102,534
8042,101,505
8042,100,415
8042,99,503
8043,106,109
8043,105,139
8043,104,129
8043,103,157
8043,102,171
8043,101,123
8043,100,212
8043,99,170
8071,106,48
8071,105,6
8071,104,11
8071,103,3
8071,102,71
8071,101,43
8071,100,58
8071,99,16
8074,106,148
8074,105,165
8074,104,147
8074,103,111
8074,102,117
8074,101,86
8074,100,58
8074,99,59
8080,106,-135
8080,105,-50
8080,104,-132
8080,103,-23
8080,102,42
8080,101,1
8080,100,-22
8080,99,2
8091,106,402
8091,105,248
8091,104,311
8091,103,229
8091,102,214
8091,101,271
8091,100,278
8091,99,247
8093,106,-4
8093,105,10
8093,104,-35
8093,103,-63
8093,102,-37
8093,101,-77
8093,100,-62
8093,99,-25
8109,106,289
8109,105,321
8109,104,331
8109,103,316
8109,102,257
8109,101,164
8109,100,235
8109,99,185
8121,106,-103
8121,105,-571
8121,104,-420
8121,103,-101
8121,102,-137
8121,101,1
8121,100,488
8121,99,764
8147,106,48
8147,105,58
8147,104,79
8147,103,60
8147,102,32
8147,101,35
8147,100,30
8147,99,31
8155,106,307
8155,105,163
8155,104,93
8155,103,134
8155,102,93
8182,106,139
8182,105,97
8182,104,103
8182,103,135
8182,102,86
8182,101,13
8182,100,117
8182,99,190
8287,106,-3027
8287,105,287
8287,104,234
8287,103,200
8287,102,269
8287,101,134
8287,100,373
8287,99,266
8289,106,10
8289,105,37
8289,104,53
8289,103,69
8289,102,54
8289,101,-11
8289,100,75
8289,99,148
8291,106,-13
8291,105,-41
8291,104,-84
8291,103,-85
8291,102,-102
8291,97,-8
8291,96,7
8291,95,23
8358,106,1117
8358,105,643
8358,104,-202
8358,103,-299
8358,102,-135
8358,101,-99
8358,100,-146
8358,99,490
3224,106,5
3224,105,-56
3224,104,2
3224,103,18
3224,102,6
3224,101,-44
3224,100,-49
3224,99,42
3232,106,21
3232,105,-43
3232,104,5
3232,103,86
3232,102,28
3232,101,1
3232,100,-15
3232,99,61
3360,106,-26
3360,105,93
3360,104,67
3360,103,117
3360,102,-131
3360,101,11
3360,100,25
3360,99,13
3444,106,48
3444,105,45
3444,104,43
3444,103,61
3444,102,28
3444,101,18
3444,100,100
3444,99,71
6107,105,236
6107,104,158
6107,103,249
6107,102,30
6107,101,114
6107,100,-68
6107,99,1
6107,98,0
6113,106,-38
6113,105,50
6113,104,-83
6113,103,-29
6113,102,-38
6113,101,17
6113,100,22
6113,99,116
6118,106,9
6118,105,5
6118,104,-3
6118,103,-22
6118,102,20
6118,101,32
6118,100,17
6118,99,26
6154,106,89
6154,105,95
6154,104,85
6154,103,124
6154,102,139
6154,101,133
6154,100,200
6154,99,184
6227,106,147
6227,105,134
6227,104,140
6227,103,107
6227,102,40
6227,101,55
6227,100,55
6227,99,102
6265,106,-38
6265,105,9
6265,104,56
6265,103,70
6265,102,58
6265,101,-12
6265,100,12
6265,99,54
6270,106,24
6270,105,26
6270,104,24
6270,103,46
6270,102,13
6270,101,-363
6270,100,45
6270,99,185
8032,106,116
8032,105,122
8032,104,134
8032,103,195
8032,102,212
8032,101,116
8032,100,157
8032,99,190
8067,106,-12
8067,105,-101
8067,104,-13
8067,103,-1
8067,102,-25
8067,101,-14
8067,100,-33
8067,99,-30
8068,106,4
8068,105,67
8068,104,10
8068,103,20
8068,102,-28
8068,101,-50
8068,100,-56
8068,99,-8
8084,106,19
8084,105,27
8084,104,-26
8084,103,16
8084,102,22
8084,101,-9
8084,100,15
8084,99,-72
8096,106,70
8096,105,14
8096,104,220
8096,103,46
8096,102,-155
8096,101,218
8096,100,389
8096,99,369
3085,106,-311
3085,105,-59
3085,104,4
3085,103,-230
3085,102,-5
3085,101,-154
3085,100,-7
3085,99,-1
3570,106,26
3570,105,75
3570,104,84
3570,103,89
3570,102,79
3570,101,61
3570,100,69
3570,99,47
4953,106,109
4953,105,66
4953,104,16
4953,103,123
4953,102,60
4953,101,52
4953,100,25
4953,99,54
5201,106,6
5201,105,-1
5201,104,37
5201,103,36
5201,102,42
5202,106,21
5202,105,22
5202,104,23
5202,103,4
5202,102,-75
5202,101,-145
5202,100,13
5202,99,38
5209,106,76
5209,105,72
5209,104,80
5209,103,80
5209,102,98
5209,101,119
5209,100,131
5209,99,102
5210,106,-45
5210,105,5
5210,104,2
5210,103,22
5210,102,1
5210,101,3
5210,100,8
5210,99,33
5211,106,17
5211,105,25
5211,104,20
5211,103,29
5211,102,25
5211,101,54
5211,100,70
5211,99,107
5212,106,33
5212,105,32
5212,104,31
5212,103,20
5212,102,-38
5212,101,11
5212,100,9
5212,99,11
5310,106,3
5310,105,-46
5310,104,21
5310,103,-8
5310,102,13
5310,101,130
5310,100,29
5310,99,12
5403,106,234
5403,105,204
5403,104,161
5403,103,149
5403,102,138
5403,101,107
5403,100,105
5403,99,102
5410,106,120
5410,105,114
5410,104,123
5410,103,106
5410,102,87
5410,101,98
5410,100,67
5410,99,148
6140,106,9
6140,105,-27
6140,104,-17
6140,103,-5
6140,102,-6
6140,101,1
6140,100,43
6140,99,23
6148,106,-120
6148,105,-137
6148,104,3
6148,103,46
6148,102,54
6148,101,30
6148,100,49
6148,99,-44
6221,106,68
6221,105,55
6221,104,82
6221,103,53
6221,102,71
6221,101,65
6221,100,76
6221,99,37
6231,106,37
6231,105,-37
6231,104,43
6231,103,21
6231,102,28
6231,101,125
6231,100,357
6231,99,242
6240,106,-37
6240,105,19
6240,104,37
6240,103,18
6240,102,122
6240,101,15
6240,100,-71
6240,99,-88
6404,106,-437
6404,105,-217
6404,104,52
6404,103,116
6404,102,208
6404,101,157
6404,100,16
6404,99,-3
6593,106,42
6593,105,46
6593,104,29
6593,103,25
6593,102,-13
8099,106,117
8099,105,90
8099,104,88
8099,103,107
8099,102,116
8099,101,75
8099,100,111
8099,99,135
8416,106,230
8416,105,198
8416,104,208
8416,103,186
8416,102,159
8416,101,125
8416,100,159
8416,99,149
1785,106,115
1785,105,-485
1785,104,-1056
1785,103,-10
1785,102,52
1785,101,898
1785,100,807
1785,99,1604
3067,106,-22
3067,105,-16
3067,104,-39
3067,103,5
3067,102,-43
3067,101,-27
3067,100,19
3067,99,69
3093,106,24
3093,105,74
3093,104,97
3093,103,69
3093,102,99
3093,101,96
3093,100,110
3093,99,299
3131,106,376
3131,105,393
3131,104,405
3131,103,294
3131,102,499
3131,101,274
3131,100,193
3131,99,213
3285,106,22
3285,105,51
3285,104,59
3285,103,38
3285,102,14
3285,101,50
3285,100,50
3285,99,85
3289,106,191
3289,105,231
3289,104,325
3289,103,219
3289,102,88
3289,101,77
3289,100,147
3289,99,71
3303,106,16
3303,105,177
3303,104,150
3303,103,60
3303,102,152
3303,101,133
3303,100,-140
3303,99,-241
3324,106,290
3324,105,620
3324,104,172
3324,103,15
3324,102,39
3324,101,134
3324,100,168
3324,99,51
3373,106,13
3373,105,36
3373,104,70
3373,103,36
3373,102,15
3373,101,5
3373,100,31
3373,99,52
3402,106,203
3402,105,187
3402,104,73
3402,103,46
3402,102,1
3402,101,69
3402,100,66
3402,99,196
3498,106,74
3498,105,94
3498,104,411
3498,103,258
3498,102,492
3498,101,126
3498,100,2
3498,99,-130
3508,106,50
3508,105,-602
3508,104,-456
3508,103,-703
3508,102,-124
3508,101,459
3508,100,834
3508,99,95
3541,106,274
3541,105,258
3541,104,190
3541,103,291
3541,102,106
3551,106,136
3551,105,95
3551,104,181
3551,103,282
3551,102,264
3551,101,207
3551,100,258
3551,99,154
3552,106,430
3552,105,1204
3552,104,790
3552,103,476
3552,102,406
3552,101,298
3552,100,284
3552,99,365
3563,106,463
3563,105,199
3563,104,159
3563,103,172
3563,102,205
3563,101,142
3563,100,146
3563,99,64
3580,106,184
3580,105,-37
3580,104,-90
3580,103,-114
3580,102,-239
3580,101,-246
3580,100,-65
3580,99,16
3587,106,215
3587,105,230
3587,104,178
3587,103,210
3587,102,221
3587,101,193
3587,100,134
3587,99,85
3628,106,80
3628,105,102
3628,104,176
3628,103,212
3628,102,144
3628,101,112
3628,100,269
3628,99,637
3642,106,-113
3642,105,-107
3642,104,-186
3642,103,24
3642,102,-32
3642,101,22
3642,100,170
3642,99,59
3663,106,27
3663,105,51
3663,104,-191
3663,103,25
3663,102,4
3663,101,72
3663,100,72
3663,99,115
4554,106,-35
4554,105,31
4554,104,43
4554,103,42
4554,102,45
4554,101,35
5205,106,-11
5205,105,-20
5205,104,-10
5205,103,-27
5205,102,-81
5205,101,-206
5205,100,-121
5205,99,7
5383,106,-34
5383,105,-116
5383,104,-94
5383,103,26
5383,102,14
5383,101,-43
5383,100,7
5383,99,80
5452,106,1
5452,105,30
5452,104,22
5452,103,53
5452,102,45
5452,101,80
5452,100,166
5452,99,146
5489,106,177
5489,105,215
5489,104,419
5489,103,587
5489,102,576
5489,101,363
5489,100,178
5489,99,265
5493,106,81
5493,105,130
5493,104,138
5493,103,101
5493,102,120
5493,101,79
5493,100,127
5493,99,173
5536,106,842
5536,105,436
5536,104,416
5536,103,95
5536,102,466
5536,101,710
5536,100,560
5536,99,726
6146,106,704
6146,105,688
6146,104,741
6146,103,633
6146,102,432
6146,101,393
6146,100,441
6146,99,472
6151,106,116
6151,105,143
6151,104,145
6151,103,72
6151,102,85
6151,101,52
6151,100,85
6151,99,117
6187,106,303
6187,105,357
6187,104,229
6187,103,202
6187,102,122
6187,101,-122
6187,100,-226
6187,99,212
6238,106,436
6238,105,446
6238,104,391
6238,103,32
6238,102,93
6238,101,14
6238,100,-30
6238,99,10
6247,106,-63
6247,105,12
6247,104,95
6247,103,34
6247,102,-63
6247,101,-7
6247,100,-68
6247,99,66
6275,106,60
6275,105,55
6275,104,11
6275,103,28
6275,102,10
6275,101,10
6275,100,10
6275,99,39
6438,106,305
6438,105,113
6438,104,252
6438,103,227
6438,102,199
6438,101,142
6438,100,132
6512,106,13
6512,105,63
6512,104,79
6512,103,109
6512,102,61
6613,106,447
6613,105,264
6613,104,150
6613,103,73
6613,102,99
8047,106,32
8047,105,21
8047,104,27
8047,103,38
8047,102,34
8047,101,26
8047,100,9
8047,99,23
8085,106,7
8085,105,98
8085,104,-185
8085,103,11
8085,102,-322
8085,101,-331
8085,100,-267
8085,99,-25
8092,106,-23
8092,105,-22
8092,104,-29
8092,103,4
8092,102,0
8092,101,5
8092,100,3
8092,99,7
8183,106,175
8183,105,116
8183,104,-78
8183,103,59
8183,102,-32
8183,101,-39
8183,100,-25
8183,99,28
8383,106,474
8383,105,532
8383,104,412
8383,103,351
8383,102,187
8383,101,153
8383,100,120
8383,99,168
8431,106,-99
8431,105,-110
8431,104,-81
8431,103,72
8431,102,29
8431,101,41
8431,100,1
8431,99,54
2596,106,256
2596,105,352
2596,104,58
2596,103,201
2596,102,230
2596,101,182
2596,100,19
2596,99,77
3489,106,-7
3489,105,148
3489,104,-69
3489,103,33
3489,102,70
3489,101,-100
3489,100,-23
3489,99,-120
4113,106,85
4113,105,29
4113,104,270
4113,103,821
4113,102,569
4416,106,-88
4416,105,-53
4416,104,909
4416,103,498
4416,102,69
4907,106,855
4907,105,-3
4907,104,183
4907,103,48
4907,102,190
4907,99,-39
4907,98,-141
4907,97,-79
5206,106,177
5206,105,142
5206,104,411
5206,103,21
5206,102,219
5206,101,91
5206,100,24
5206,99,-51
5213,106,728
5213,105,428
5213,104,914
5213,103,686
5213,102,1524
5213,101,885
5213,100,763
5213,99,907
5324,106,-38
5324,105,75
5324,104,-221
5324,103,-130
5324,102,970
5324,101,221
5324,100,241
5324,99,215
5508,106,659
5508,105,436
5508,104,571
5508,103,1631
5508,102,2029
5508,100,334
5508,99,506
5508,98,532
5511,106,293
5511,105,380
5511,104,280
5511,103,588
5511,102,623
5511,101,702
5511,100,519
5511,99,274
5512,106,694
5512,105,131
5512,104,145
5512,103,1225
5512,102,711
5512,101,1897
5512,100,735
5512,99,1248
5514,106,123
5514,105,73
5514,104,-6
5514,103,712
5514,102,440
5514,101,383
5514,100,234
5514,99,99
5516,106,10
5516,105,-36
5516,104,-16
5516,103,-63
5516,102,-128
5516,99,34
5516,98,30
5516,97,12
5520,106,93
5520,105,138
5520,104,129
5520,103,113
5520,102,158
5520,101,158
5520,100,104
5520,99,101
5523,106,172
5523,105,-25
5523,104,-76
5523,103,357
5523,102,-337
5523,101,-361
5523,100,-209
5523,99,15
5529,106,-156
5529,105,-144
5529,104,-87
5529,103,-22
5529,102,68
5543,106,-63
5543,105,11
5543,104,36
5543,103,34
5543,102,33
5543,101,-4
5543,100,N/A
6171,106,40
6171,105,23
6171,104,105
6171,103,-10
6171,102,2
6186,106,6
6186,105,248
6186,104,430
6186,103,217
6186,102,392
6186,98,2
6186,97,-211
6186,96,-88
6212,106,170
6212,105,338
6212,104,418
6212,103,-73
6212,102,-74
6212,99,16
6212,98,305
6212,97,42
6219,106,129
6219,105,17
6219,104,23
6219,103,511
6219,102,374
6219,101,261
6219,100,-240
6219,99,446
6264,106,5
6264,105,0
6264,104,-110
6264,103,-130
6264,102,55
6264,101,23
6264,100,7
6264,99,1
8424,106,164
8424,105,122
8424,104,136
8424,103,145
8424,102,125
2641,106,-492
2641,105,0
2641,104,56
2641,103,53
2641,102,49
2641,101,36
2641,100,78
2641,99,15
2643,106,57
2643,105,134
2643,104,88
2643,103,43
2643,102,28
2643,101,57
2643,100,29
5601,106,20
5601,105,21
5601,104,16
5601,103,66
5601,102,20
5603,106,72
5603,105,83
5603,104,128
5603,103,182
5603,102,40
5603,101,-26
5603,100,-35
5603,99,25
5604,106,86
5604,105,96
5604,104,414
5604,103,129
5604,102,136
5609,106,207
5609,105,271
5609,104,137
5609,103,214
5609,102,131
5609,101,140
5609,100,192
5609,99,304
1259,106,169
1259,105,174
1259,104,131
1259,103,93
1259,102,79
1259,101,102
1259,100,174
1259,99,174
1268,106,266
1268,105,245
1268,104,181
1268,103,135
1268,102,115
2718,106,2
2718,105,13
2718,104,35
2718,103,26
2718,102,3
2719,106,-119
2719,105,-64
2719,104,-15
2719,103,29
2719,102,62
2719,101,17
2719,100,25
2719,99,68
2724,106,-246
2724,105,-601
2724,104,-149
2724,103,59
2724,102,51
2724,101,72
2724,100,27
2724,99,39
2726,106,156
2726,105,121
2726,104,73
2726,103,61
2726,102,70
2726,101,57
2726,100,63
2726,99,88
2729,106,329
2729,105,305
2729,104,279
2729,103,253
2729,102,244
2729,101,185
2729,100,166
2729,99,115
2732,106,166
2732,105,152
2732,104,139
2732,103,134
2732,102,135
2732,101,108
2732,100,52
2734,106,-78
2734,105,-65
2734,104,-9
2734,103,47
2734,102,56
2734,101,21
2734,100,5
2734,99,-38
2736,106,-11
2736,105,44
2736,104,264
2736,103,150
2736,102,87
2736,101,73
2740,106,-65
2740,105,-42
2740,104,26
2740,103,71
2740,102,59
2928,106,125
2928,105,200
2928,104,53
2928,103,28
2928,102,0
2928,101,58
2928,100,-7
2928,99,118
4804,106,72
4804,105,161
4804,104,128
4804,103,56
4804,102,19
4804,101,-20
4804,100,1
5301,106,-297
5301,105,-170
5301,104,58
5301,103,138
5301,102,51
5301,101,12
5301,100,-147
5301,99,-169
5364,106,-23
5364,105,20
5364,104,13
5364,103,9
5364,102,25
5364,101,-137
5364,100,-46
5364,99,-1330
5701,106,-326
5701,105,-348
5701,104,-322
5701,103,-332
5701,102,-353
5701,101,-618
5701,100,-400
5701,99,-446
5703,106,-8
5703,105,24
5703,104,73
5703,103,37
5703,102,44
5703,101,70
5703,100,47
5703,99,38
5704,106,7
5704,105,13
5704,104,41
5704,103,56
5704,102,42
8077,106,48
8077,105,-107
8077,104,-12
8077,103,13
8077,102,-51
8077,98,-269
8077,97,-209
8462,106,274
8462,105,154
8462,104,130
8462,103,88
8462,102,49
8462,101,49
8462,100,32
5820,106,2333
5820,105,1415
5820,104,1987
5820,103,2443
5820,102,2081
5820,101,1948
5820,100,2119
5820,99,2817
5864,106,0
5864,105,0
5864,104,0
5864,103,0
5864,102,0
5878,106,90
5878,105,86
5878,104,74
5878,103,67
5878,102,65
5878,101,54
5878,100,33
6015,106,0
6015,105,0
6015,104,0
6015,103,0
6015,102,0
6015,101,0
6015,100,0
6015,99,0
6016,106,0
6016,105,0
6016,104,0
6016,103,0
6016,102,0
6016,101,19
6016,100,12
6016,99,17
6020,106,0
6020,105,0
6020,104,0
6020,103,0
6020,102,0
6020,101,1
6020,100,1
6020,99,1
6021,106,0
6021,105,0
6021,104,0
6021,103,0
6021,102,0
6021,98,0
6021,97,0
6021,96,0
6023,106,0
6023,105,0
6023,104,0
6023,103,0
6023,102,0
6023,101,0
6023,100,0
6026,106,0
6026,105,0
6026,104,0
6026,103,0
6026,102,0
6026,101,0
6026,100,0
6026,99,0
2916,106,72
2916,105,59
2916,104,80
2916,103,68
2916,102,47
2916,101,28
2916,100,97
2916,99,108
2924,106,-97
2924,105,14
2924,104,25
2924,103,85
2924,102,132
2924,101,126
2924,100,105
2924,99,125
2937,106,41
2937,105,39
2937,104,26
2937,103,27
2937,102,26
2937,101,26
3171,106,39
3171,105,82
3171,104,83
3171,103,58
3171,102,30
3171,101,2
3171,100,-64
5902,106,27
5902,105,35
5902,104,24
5902,103,13
5902,102,20
5902,101,1
5902,100,-68
5902,99,-117
5903,106,1407
5903,105,1377
5903,104,1277
5903,103,1295
5903,102,1095
5903,101,855
5903,100,1005
5903,99,936
5904,106,1429
5904,105,1169
5904,104,952
5904,103,772
5904,102,559
5905,106,86
5905,105,82
5905,104,76
5905,103,137
5905,102,92
5905,101,-131
5905,100,4
5905,99,-214
6195,106,219
6195,105,164
6195,104,191
6195,103,269
6195,102,277
6195,97,86
6195,96,16
6195,95,-67
8066,106,296
8066,105,257
8066,104,202
8066,103,98
8066,102,73
8433,106,308
8433,105,374
8433,104,355
8433,103,211
8433,102,185
8433,101,99
8433,100,163
8433,99,220
8941,106,237
8941,105,53
8941,104,60
8941,103,234
8941,102,-66
8941,101,-543
8941,100,-204
8941,99,-347
9960,106,27
9960,105,-22
9960,104,13
9960,103,21
9960,102,39
9960,101,48
9960,100,57
9960,99,50
1584,106,-79
1584,105,2
1584,104,-114
1584,103,-52
1584,102,-178
2221,106,87
2221,105,85
2221,104,69
2221,103,30
2221,102,6
2221,101,30
2221,100,86
2221,99,25
2640,106,222
2640,105,144
2640,104,186
2640,103,257
2640,102,216
2640,101,143
2640,100,119
2640,99,102
3252,106,-59
3252,105,-19
3252,104,307
3252,103,4
3252,102,10
3252,99,105
3252,98,-60
3252,97,-391
3284,106,87
3284,105,64
3284,104,73
3284,103,2
3284,102,54
3284,101,68
3284,100,4
3284,99,74
4430,106,20
4430,105,85
4430,104,126
4430,103,130
4430,102,127
4430,101,114
4430,100,80
4430,99,75
4529,106,-448
4529,105,-250
4529,104,-164
4529,103,-116
4529,102,92
4529,101,-36
4529,100,-46
4529,99,-56
4541,106,-65
4541,105,-19
4541,104,56
4541,103,94
4541,102,99
4556,106,14
4556,105,13
4556,104,29
4556,103,38
4556,102,44
4556,101,21
4950,106,-169
4950,105,146
4950,104,13
4950,103,433
4950,102,-438
4950,101,-59
4950,100,-7
4950,99,122
5276,106,10
5276,105,77
5276,104,83
5276,103,73
5276,102,88
5276,101,-2
5276,100,176
5276,99,191
5306,106,1043
5306,105,857
5306,104,700
5306,103,462
5306,102,397
5306,101,257
5306,100,2
5306,99,-38
5312,106,304
5312,105,359
5312,104,373
5312,103,352
5312,102,357
5312,101,308
5312,100,225
5312,99,231
5530,106,1844
5530,105,978
5530,104,1089
5530,103,2193
5530,102,2016
5530,101,2047
5530,100,1861
5530,99,875
6179,106,128
6179,105,167
6179,104,150
6179,103,45
6179,102,-191
6179,101,-107
6179,100,-42
6179,99,-48
6199,106,35
6199,105,9
6199,104,26
6199,103,32
6199,102,-20
6199,101,28
6236,106,-54
6236,105,-28
6236,104,-35
6236,103,12
6236,102,-12
6236,101,-21
6236,100,3
6236,99,-15
6294,106,218
6294,105,217
6294,104,125
6294,103,5
6294,102,9
6294,99,-24
6294,98,-15
6294,97,-77
6616,106,30
6616,105,1
6616,104,80
6616,103,36
6803,106,761
6803,105,848
6803,104,710
6803,103,679
6803,102,620
6803,101,619
6803,100,547
6803,99,405
8342,106,70
8342,105,195
8342,104,110
8342,103,70
8342,102,85
8342,101,59
8342,100,29
8342,99,19
8390,106,49
8390,105,11
8390,104,-88
8390,103,37
8390,102,7
8390,101,108
8390,100,205
8390,99,144
8401,106,92
8401,105,12
8401,104,46
8401,103,103
8401,102,-57
8401,101,64
8401,100,65
8401,99,102
8418,106,-391
8418,105,-88
8418,104,-164
8418,103,24
8418,102,52
8418,101,34
8418,100,222
8418,99,86
8420,106,10
8420,105,110
8420,104,125
8420,103,23
8420,102,69
8421,106,8
8421,105,83
8421,104,32
8421,103,-108
8421,102,-37
8421,101,24
8421,100,31
8421,99,76
8423,106,28
8423,105,-6
8423,104,25
8423,103,23
8423,102,32
8423,101,34
8423,100,22
8423,99,19
8426,106,170
8426,105,291
8426,104,156
8426,103,195
8426,102,230
8426,101,170
8426,100,153
8426,99,126
8435,106,111
8435,105,95
8435,104,98
8435,103,101
8435,102,109
8435,101,96
8435,100,84
8435,99,109
8437,106,427
8437,105,336
8437,104,251
8437,103,207
8437,102,174
8437,101,144
8437,100,139
8437,99,87
8440,106,39
8440,105,28
8440,104,30
8440,103,32
8440,102,22
8440,101,40
8440,100,76
8444,106,709
8444,105,528
8444,104,286
8444,103,262
8444,102,157
8444,101,38
8444,100,135
8444,99,256
8455,106,46
8455,105,49
8455,104,30
8455,103,37
8455,102,22
8455,101,135
8476,106,2
8476,105,46
8476,104,31
8476,103,21
8476,102,6
8476,101,3
8905,106,288
8905,105,364
8905,104,96
8905,103,496
8905,102,375
8905,101,283
8905,100,69
8905,99,100
8906,106,-7
8906,105,-10
8906,104,-7
8906,103,-10
8906,102,-19
8906,101,0
8906,100,-3
8906,99,-22
8913,106,1070
8913,105,160
8913,104,24
8913,103,20
8913,102,17
8913,101,35
8913,100,24
8913,99,331
8916,106,-118
8916,105,447
8916,104,431
8916,103,382
8916,102,363
8916,101,206
8916,100,142
8916,99,181
8921,106,13
8921,105,38
8921,104,39
8921,103,56
8921,102,73
8924,106,1060
8924,105,-222
8924,104,-68
8924,103,-60
8924,102,-86
8924,101,39
8924,100,24
8924,99,184
8928,106,91
8928,105,86
8928,104,204
8928,103,216
8928,102,13
8928,101,-122
8928,100,11
8928,99,-162
8929,106,119
8929,105,132
8929,104,46
8929,103,47
8929,102,76
8929,101,88
8929,100,78
8929,99,81
8932,106,-45
8932,105,9
8932,104,31
8932,103,38
8932,102,41
8932,101,8
8932,100,-9
8932,99,16
8933,106,-34
8933,105,60
8933,104,259
8933,103,127
8933,102,152
8933,101,95
8933,100,134
8933,99,67
8934,106,5
8934,105,33
8934,104,28
8934,103,21
8934,102,35
8934,101,62
8934,100,28
8934,99,-7
8935,106,-104
8935,105,-192
8935,104,-87
8935,103,-113
8935,102,-83
8935,101,-390
8935,100,-118
8935,99,-55
8936,106,-343
8936,105,-626
8936,104,216
8936,103,618
8936,102,368
8936,101,83
8936,100,1445
8936,99,194
8937,106,-17
8937,105,-4
8937,104,8
8937,103,16
8937,102,18
8937,101,-5
8937,100,-15
8937,99,-69
8938,106,442
8938,105,345
8938,104,6
8938,103,-78
8938,102,-128
8938,101,431
8938,100,155
8938,99,474
8942,106,-37
8942,105,1024
8942,104,1208
8942,103,747
8942,102,663
8942,101,590
8942,100,479
8942,99,172
4415,106,-43
4415,105,-50
4415,104,-68
4415,103,-122
4415,102,-43
4415,101,-68
4415,100,-133
4415,99,10
